Pick,Round 1,Round 2,Round 3,Round 4,Round 5,Round 6,Round 7,Round 8,Round 9,QBs in Final 9,RBs in Final 9,WRs in Final 9,TEs in Final 9,Average Points
1st,WR,WR,WR,WR,WR,RB,QB,QB,TE,0,6,2,1,1642
6th,RB,WR,WR,WR,WR,WR,QB,WR,TE,1,5,2,1,1639
1st,RB,WR,WR,WR,TE,WR,TE,QB,QB,0,6,3,0,1638
1st,RB,WR,WR,TE,WR,WR,TE,QB,QB,0,6,3,0,1637
1st,RB,WR,WR,WR,QB,WR,TE,QB,TE,0,6,3,0,1637
1st,WR,WR,WR,WR,WR,RB,QB,QB,TE,0,5,3,1,1634
1st,WR,WR,WR,WR,WR,RB,QB,QB,TE,0,7,1,1,1633
1st,RB,WR,TE,TE,WR,RB,RB,QB,QB,0,4,5,0,1632
1st,WR,WR,WR,WR,WR,RB,QB,RB,QB,0,4,2,3,1630
1st,WR,WR,WR,RB,TE,RB,QB,RB,QB,0,3,5,1,1628
6th,RB,WR,WR,RB,TE,TE,QB,QB,WR,0,4,5,0,1628
1st,RB,WR,RB,WR,TE,QB,WR,QB,RB,0,3,5,1,1628
6th,RB,WR,WR,WR,QB,WR,RB,WR,TE,1,4,3,1,1628
6th,RB,WR,WR,TE,TE,QB,QB,WR,WR,0,6,3,0,1627
1st,RB,WR,WR,WR,WR,QB,TE,TE,QB,0,6,3,0,1627
1st,WR,WR,WR,WR,RB,QB,RB,QB,RB,0,3,3,3,1626
12th,WR,RB,TE,WR,TE,WR,QB,QB,WR,0,4,5,0,1625
1st,WR,WR,WR,RB,TE,RB,QB,TE,QB,0,4,5,0,1625
6th,RB,TE,WR,TE,QB,WR,QB,WR,WR,0,6,3,0,1625
6th,RB,WR,WR,QB,TE,WR,RB,WR,WR,1,4,3,1,1625
1st,RB,WR,WR,TE,RB,RB,TE,QB,QB,0,2,5,2,1625
6th,RB,WR,WR,WR,QB,WR,TE,QB,TE,0,6,3,0,1624
6th,RB,WR,WR,WR,TE,WR,RB,QB,WR,1,4,3,1,1623
1st,RB,WR,WR,WR,QB,WR,WR,TE,QB,0,6,2,1,1623
1st,RB,WR,WR,WR,WR,QB,TE,QB,TE,0,6,3,0,1623
1st,RB,WR,WR,RB,WR,WR,QB,QB,QB,0,3,4,2,1622
1st,RB,WR,WR,WR,RB,QB,RB,QB,TE,0,3,4,2,1622
1st,RB,WR,WR,WR,WR,WR,RB,QB,TE,1,4,3,1,1622
1st,RB,RB,WR,WR,QB,WR,QB,TE,QB,0,3,5,1,1622
1st,RB,WR,WR,WR,WR,QB,QB,RB,RB,0,5,3,1,1622
6th,RB,WR,WR,TE,QB,WR,RB,WR,WR,1,4,3,1,1622
4th,RB,RB,WR,WR,QB,WR,QB,TE,QB,0,3,5,1,1621
12th,WR,RB,WR,QB,WR,TE,RB,QB,TE,0,4,5,0,1621
1st,RB,WR,WR,WR,WR,QB,TE,TE,QB,0,5,3,1,1621
12th,WR,RB,TE,WR,TE,WR,QB,QB,WR,0,5,4,0,1621
1st,RB,WR,WR,TE,WR,QB,WR,TE,QB,0,6,3,0,1620
1st,RB,WR,WR,RB,RB,RB,QB,QB,TE,0,3,5,1,1620
12th,WR,WR,TE,RB,QB,WR,WR,QB,RB,1,5,3,0,1619
1st,RB,WR,WR,WR,QB,WR,TE,QB,RB,1,3,4,1,1619
6th,RB,WR,WR,TE,WR,WR,RB,QB,WR,1,4,3,1,1619
4th,RB,WR,WR,TE,QB,WR,RB,WR,WR,1,4,3,1,1619
1st,RB,WR,WR,QB,WR,QB,WR,TE,WR,0,6,2,1,1619
4th,RB,RB,WR,QB,WR,TE,RB,QB,WR,1,2,5,1,1618
1st,RB,WR,WR,WR,WR,TE,QB,RB,QB,0,4,4,1,1618
1st,RB,WR,WR,WR,QB,TE,WR,QB,TE,0,6,3,0,1617
1st,RB,WR,WR,TE,WR,QB,WR,TE,RB,1,5,3,0,1617
1st,RB,WR,WR,TE,QB,TE,RB,QB,QB,0,4,5,0,1617
1st,RB,WR,WR,WR,TE,QB,QB,TE,WR,0,6,3,0,1617
1st,WR,WR,RB,WR,RB,QB,RB,QB,QB,0,2,5,2,1617
12th,WR,RB,RB,RB,QB,WR,WR,QB,WR,0,2,4,3,1617
1st,RB,WR,WR,WR,TE,RB,WR,QB,WR,1,4,3,1,1616
12th,RB,RB,WR,WR,TE,TE,QB,QB,WR,0,4,5,0,1616
1st,RB,WR,WR,RB,QB,WR,QB,TE,RB,0,3,5,1,1616
1st,RB,QB,WR,TE,WR,RB,QB,RB,TE,0,2,7,0,1616
1st,RB,WR,RB,QB,WR,WR,WR,RB,QB,0,2,4,3,1616
1st,WR,WR,WR,RB,TE,RB,QB,RB,QB,0,4,4,1,1616
4th,WR,RB,WR,QB,QB,WR,WR,RB,TE,0,5,2,2,1616
9th,RB,WR,TE,TE,WR,QB,WR,QB,WR,0,6,3,0,1616
6th,RB,WR,WR,QB,WR,WR,RB,WR,TE,1,4,3,1,1616
6th,RB,RB,WR,WR,TE,TE,QB,QB,WR,0,4,5,0,1616
1st,RB,WR,WR,TE,WR,WR,RB,RB,QB,0,4,4,1,1615
1st,RB,WR,WR,WR,TE,QB,QB,TE,RB,1,3,5,0,1615
1st,RB,WR,WR,RB,WR,RB,WR,QB,QB,0,3,3,3,1615
6th,RB,WR,WR,WR,QB,TE,QB,TE,WR,0,6,3,0,1615
1st,RB,WR,WR,WR,QB,TE,QB,TE,WR,0,6,3,0,1614
9th,RB,WR,WR,WR,WR,QB,WR,QB,RB,0,4,3,2,1614
1st,WR,WR,RB,WR,RB,QB,QB,RB,TE,0,4,4,1,1614
4th,RB,WR,WR,WR,QB,TE,QB,WR,RB,0,4,3,2,1614
1st,WR,RB,WR,WR,TE,RB,QB,QB,RB,0,3,5,1,1614
9th,RB,WR,WR,QB,WR,QB,WR,RB,RB,0,4,3,2,1614
1st,RB,RB,WR,WR,RB,WR,WR,QB,QB,0,1,5,3,1614
1st,WR,WR,TE,TE,WR,RB,WR,QB,QB,0,5,4,0,1613
9th,RB,WR,TE,QB,WR,WR,TE,QB,WR,0,6,3,0,1613
6th,RB,WR,WR,WR,TE,WR,TE,QB,QB,0,6,3,0,1613
12th,WR,RB,RB,WR,WR,QB,RB,QB,TE,0,3,4,2,1613
4th,WR,RB,WR,WR,QB,QB,RB,RB,TE,0,2,5,2,1613
1st,RB,RB,WR,WR,WR,TE,QB,TE,QB,0,3,6,0,1612
1st,WR,WR,QB,TE,WR,WR,WR,QB,RB,0,5,3,1,1612
12th,WR,RB,TE,RB,QB,WR,QB,RB,WR,0,3,5,1,1612
1st,RB,WR,WR,RB,WR,QB,RB,QB,RB,1,1,5,2,1612
4th,WR,RB,RB,WR,QB,TE,QB,WR,TE,0,4,5,0,1612
1st,WR,WR,WR,TE,WR,QB,WR,QB,TE,0,9,0,0,1612
6th,RB,RB,WR,QB,WR,WR,RB,WR,RB,1,1,4,3,1612
1st,WR,WR,RB,TE,RB,RB,QB,QB,TE,1,3,5,0,1612
1st,RB,WR,WR,WR,TE,WR,WR,QB,WR,1,5,2,1,1611
4th,RB,WR,WR,QB,WR,QB,WR,TE,WR,0,6,2,1,1611
1st,RB,WR,WR,WR,QB,WR,RB,WR,TE,1,4,3,1,1611
1st,RB,RB,WR,WR,WR,WR,QB,QB,TE,0,2,5,2,1611
6th,RB,RB,RB,WR,TE,WR,QB,WR,WR,2,0,5,2,1611
4th,RB,RB,WR,WR,QB,QB,WR,WR,WR,0,3,3,3,1611
4th,RB,WR,WR,RB,QB,WR,QB,TE,RB,0,3,5,1,1611
6th,RB,WR,WR,TE,WR,WR,TE,QB,QB,0,6,3,0,1611
12th,WR,RB,RB,WR,TE,WR,RB,QB,RB,2,1,5,1,1611
1st,RB,WR,WR,TE,TE,QB,QB,WR,WR,0,6,3,0,1611
1st,WR,WR,WR,WR,RB,WR,QB,QB,TE,1,5,1,2,1611
1st,WR,WR,WR,RB,WR,QB,TE,QB,RB,0,5,3,1,1611
6th,RB,WR,WR,WR,QB,WR,WR,WR,TE,1,5,2,1,1611
1st,RB,WR,RB,QB,WR,WR,TE,WR,QB,0,3,4,2,1610
6th,RB,WR,WR,WR,TE,QB,QB,TE,WR,0,6,3,0,1610
1st,RB,WR,WR,TE,RB,WR,RB,WR,QB,2,3,4,0,1610
6th,RB,WR,WR,WR,QB,WR,WR,TE,QB,0,6,2,1,1610
6th,RB,WR,WR,QB,TE,QB,WR,WR,TE,0,6,3,0,1610
6th,WR,WR,WR,WR,WR,RB,QB,QB,TE,0,7,1,1,1610
12th,WR,RB,WR,RB,TE,QB,WR,QB,RB,1,3,4,1,1610
1st,RB,RB,WR,WR,WR,WR,TE,QB,TE,1,3,5,0,1610
6th,RB,WR,WR,WR,TE,QB,RB,WR,WR,1,4,3,1,1610
1st,WR,WR,WR,QB,WR,WR,TE,TE,QB,0,9,0,0,1610
6th,RB,WR,WR,WR,TE,WR,WR,QB,WR,1,5,2,1,1610
4th,RB,RB,WR,QB,TE,QB,TE,WR,WR,0,2,7,0,1610
12th,WR,RB,WR,WR,TE,RB,QB,QB,RB,0,3,5,1,1609
6th,RB,WR,WR,WR,WR,WR,RB,QB,TE,1,4,3,1,1609
4th,RB,RB,WR,WR,WR,TE,QB,TE,QB,0,3,6,0,1609
6th,WR,WR,WR,WR,WR,RB,QB,QB,TE,0,5,3,1,1609
4th,RB,WR,WR,QB,WR,TE,RB,WR,WR,1,4,3,1,1609
9th,RB,WR,QB,RB,RB,QB,WR,WR,TE,0,4,4,1,1609
12th,WR,RB,WR,WR,QB,WR,TE,QB,RB,0,5,2,2,1609
1st,RB,WR,WR,QB,WR,WR,TE,WR,QB,0,6,2,1,1609
1st,RB,TE,WR,WR,RB,QB,WR,QB,QB,0,4,4,1,1609
6th,RB,WR,TE,QB,WR,WR,TE,QB,WR,0,6,3,0,1609
1st,RB,WR,RB,QB,WR,WR,RB,TE,QB,0,3,4,2,1608
1st,RB,WR,WR,WR,RB,RB,RB,QB,TE,1,1,5,2,1608
1st,RB,TE,RB,WR,TE,WR,TE,QB,QB,0,4,5,0,1608
12th,WR,RB,TE,WR,RB,QB,WR,QB,RB,0,4,4,1,1608
4th,RB,RB,WR,QB,TE,WR,RB,WR,WR,2,2,5,0,1608
12th,WR,RB,RB,RB,QB,QB,WR,TE,WR,0,2,5,2,1608
9th,RB,WR,WR,QB,QB,WR,WR,TE,WR,0,6,2,1,1608
1st,WR,RB,WR,WR,WR,QB,TE,RB,QB,1,4,3,1,1608
1st,RB,TE,WR,WR,QB,QB,WR,RB,QB,0,3,5,1,1608
9th,RB,WR,WR,QB,WR,WR,RB,WR,TE,1,4,3,1,1608
1st,RB,WR,WR,QB,QB,WR,WR,TE,WR,0,6,2,1,1608
1st,RB,WR,WR,WR,WR,RB,WR,QB,TE,1,4,3,1,1608
12th,WR,RB,WR,WR,QB,TE,WR,QB,WR,0,4,3,2,1608
1st,RB,RB,WR,TE,WR,QB,TE,RB,QB,1,4,4,0,1608
4th,RB,WR,WR,WR,TE,QB,QB,TE,WR,0,6,3,0,1608
1st,RB,WR,WR,WR,RB,QB,RB,QB,RB,0,3,5,1,1608
6th,RB,WR,WR,WR,QB,TE,TE,QB,WR,0,6,3,0,1608
6th,WR,WR,WR,WR,WR,RB,QB,QB,TE,0,6,2,1,1608
12th,WR,RB,TE,RB,WR,RB,QB,QB,WR,0,4,5,0,1608
1st,RB,WR,WR,TE,QB,TE,WR,QB,WR,0,6,3,0,1608
4th,WR,RB,WR,QB,QB,WR,RB,RB,RB,0,4,3,2,1608
1st,RB,WR,RB,WR,RB,RB,QB,TE,QB,1,2,5,1,1608
9th,RB,WR,WR,TE,WR,QB,RB,WR,WR,1,4,3,1,1608
6th,RB,WR,WR,WR,WR,WR,TE,QB,WR,1,5,2,1,1607
1st,WR,RB,WR,WR,QB,QB,RB,RB,TE,0,2,5,2,1607
1st,RB,WR,WR,RB,WR,WR,WR,QB,RB,1,2,3,3,1607
1st,WR,WR,WR,QB,RB,TE,TE,QB,RB,0,4,5,0,1607
6th,RB,WR,TE,TE,QB,QB,RB,RB,RB,0,1,8,0,1607
6th,RB,WR,WR,QB,WR,WR,TE,WR,QB,0,6,2,1,1607
1st,RB,WR,WR,TE,WR,WR,RB,QB,WR,1,4,3,1,1607
1st,RB,TE,WR,WR,WR,TE,QB,QB,RB,1,3,5,0,1607
4th,RB,WR,WR,QB,WR,TE,WR,WR,QB,0,6,2,1,1607
9th,RB,WR,WR,QB,WR,QB,WR,TE,WR,0,6,2,1,1607
4th,RB,WR,WR,WR,QB,RB,QB,TE,WR,0,4,3,2,1607
6th,RB,RB,WR,WR,WR,TE,QB,WR,QB,0,3,4,2,1607
12th,WR,RB,RB,WR,QB,QB,WR,RB,TE,0,4,4,1,1607
1st,RB,WR,WR,WR,TE,WR,WR,QB,RB,1,5,3,0,1607
12th,WR,WR,RB,RB,TE,TE,QB,QB,RB,0,4,5,0,1606
6th,RB,WR,WR,WR,WR,QB,TE,QB,TE,0,6,3,0,1606
1st,RB,RB,WR,WR,TE,TE,TE,QB,QB,0,3,6,0,1606
1st,RB,WR,RB,QB,RB,WR,QB,WR,TE,0,2,5,2,1606
1st,WR,RB,WR,TE,TE,QB,WR,WR,QB,0,6,3,0,1606
6th,WR,WR,WR,QB,TE,QB,TE,WR,WR,0,7,2,0,1606
1st,WR,WR,WR,WR,WR,RB,QB,QB,TE,0,3,5,1,1606
1st,RB,RB,WR,WR,TE,TE,QB,QB,WR,0,4,5,0,1606
4th,RB,WR,WR,QB,QB,WR,WR,TE,WR,0,6,2,1,1606
12th,WR,RB,TE,RB,TE,WR,RB,QB,RB,2,2,5,0,1605
1st,RB,WR,WR,QB,WR,WR,RB,WR,TE,1,4,3,1,1605
6th,WR,RB,WR,QB,WR,RB,RB,WR,RB,1,1,4,3,1605
1st,WR,WR,RB,TE,WR,RB,QB,TE,QB,1,5,3,0,1605
6th,RB,WR,WR,TE,WR,QB,RB,WR,WR,1,4,3,1,1605
6th,RB,RB,WR,WR,WR,WR,QB,QB,TE,0,2,5,2,1605
4th,RB,WR,WR,WR,QB,WR,WR,TE,QB,0,6,2,1,1605
4th,RB,RB,WR,WR,QB,RB,QB,WR,TE,1,1,5,2,1605
1st,RB,WR,TE,QB,WR,WR,TE,QB,WR,0,6,3,0,1605
4th,RB,RB,WR,QB,WR,WR,RB,WR,RB,1,1,4,3,1605
1st,RB,RB,WR,WR,WR,WR,TE,QB,RB,1,2,4,2,1605
1st,RB,WR,WR,QB,TE,QB,WR,WR,TE,0,6,3,0,1605
1st,RB,QB,WR,WR,WR,RB,QB,QB,TE,0,5,3,1,1604
6th,WR,WR,WR,WR,QB,TE,QB,WR,TE,0,9,0,0,1604
1st,RB,RB,WR,QB,RB,WR,WR,QB,RB,1,1,5,2,1604
4th,RB,WR,WR,QB,TE,WR,RB,WR,WR,1,4,3,1,1604
1st,RB,WR,RB,WR,QB,QB,RB,TE,WR,0,4,4,1,1604
1st,RB,WR,WR,TE,QB,WR,RB,WR,WR,1,4,3,1,1604
6th,WR,RB,WR,WR,QB,WR,TE,QB,RB,0,5,2,2,1604
1st,RB,RB,WR,WR,WR,WR,RB,WR,QB,1,2,3,3,1604
12th,RB,RB,WR,WR,WR,WR,QB,QB,TE,0,2,5,2,1604
6th,RB,RB,WR,WR,WR,TE,QB,WR,QB,0,3,4,2,1604
6th,RB,WR,WR,WR,WR,QB,TE,TE,QB,0,6,3,0,1604
1st,RB,WR,WR,RB,TE,TE,QB,QB,WR,0,4,5,0,1603
6th,RB,WR,RB,QB,WR,WR,TE,WR,QB,0,3,4,2,1603
4th,RB,WR,WR,WR,QB,WR,RB,WR,TE,1,4,3,1,1603
12th,WR,RB,WR,QB,RB,WR,WR,QB,WR,0,5,2,2,1603
1st,WR,WR,WR,WR,WR,WR,TE,RB,QB,1,5,1,2,1603
1st,WR,WR,WR,RB,RB,RB,QB,QB,WR,0,3,3,3,1603
12th,RB,WR,WR,RB,QB,WR,QB,TE,RB,0,3,5,1,1603
4th,RB,WR,WR,WR,QB,WR,TE,QB,TE,0,6,3,0,1603
1st,RB,WR,WR,WR,WR,WR,TE,QB,WR,1,5,2,1,1603
9th,RB,RB,WR,QB,WR,RB,WR,WR,RB,1,1,4,3,1603
4th,RB,RB,WR,WR,QB,TE,TE,RB,WR,0,3,6,0,1603
4th,RB,WR,WR,QB,WR,WR,TE,WR,QB,0,6,2,1,1603
4th,WR,RB,RB,WR,QB,WR,WR,TE,QB,0,3,5,1,1603
6th,RB,WR,WR,QB,WR,QB,WR,TE,WR,0,6,2,1,1603
1st,WR,WR,WR,WR,WR,RB,QB,QB,TE,0,4,4,1,1603
1st,RB,WR,WR,TE,QB,WR,WR,RB,RB,2,3,3,1,1603
12th,WR,WR,TE,WR,TE,WR,RB,QB,WR,2,5,2,0,1602
9th,RB,WR,WR,QB,TE,WR,RB,WR,WR,1,4,3,1,1602
9th,RB,WR,TE,TE,QB,QB,WR,WR,WR,0,4,5,0,1602
12th,WR,WR,WR,WR,WR,RB,QB,QB,TE,0,7,1,1,1602
4th,WR,RB,WR,WR,QB,QB,TE,TE,RB,0,4,4,1,1602
4th,RB,RB,WR,WR,WR,TE,QB,WR,QB,0,3,4,2,1602
4th,WR,TE,WR,QB,WR,QB,RB,WR,TE,0,5,4,0,1602
6th,WR,WR,RB,RB,TE,TE,QB,QB,RB,0,4,5,0,1602
1st,WR,WR,TE,QB,TE,RB,QB,WR,RB,0,5,4,0,1602
1st,RB,RB,TE,WR,TE,WR,RB,QB,QB,0,4,4,1,1602
12th,WR,RB,RB,RB,TE,WR,WR,QB,QB,1,3,5,0,1602
4th,RB,WR,WR,QB,WR,QB,WR,RB,RB,0,4,3,2,1602
1st,RB,WR,WR,RB,WR,QB,WR,QB,WR,0,2,5,2,1602
1st,RB,TE,WR,QB,WR,WR,TE,QB,QB,0,4,5,0,1602
12th,WR,RB,RB,RB,QB,QB,TE,TE,RB,0,0,9,0,1602
6th,WR,WR,WR,RB,TE,RB,QB,RB,QB,0,3,5,1,1602
1st,RB,WR,WR,WR,TE,WR,RB,QB,WR,1,4,3,1,1602
1st,RB,WR,WR,WR,TE,WR,TE,QB,TE,1,4,4,0,1601
12th,RB,RB,RB,RB,WR,QB,WR,QB,WR,0,0,6,3,1601
12th,WR,RB,WR,WR,QB,RB,TE,QB,WR,0,4,3,2,1601
1st,RB,WR,TE,TE,WR,QB,WR,QB,WR,0,6,3,0,1601
12th,RB,RB,RB,WR,WR,WR,WR,QB,TE,1,2,4,2,1601
9th,RB,WR,WR,QB,WR,WR,TE,WR,QB,0,6,2,1,1601
1st,RB,WR,WR,QB,WR,TE,WR,RB,QB,0,3,4,2,1601
12th,RB,WR,RB,RB,WR,WR,QB,QB,RB,0,2,5,2,1601
6th,WR,WR,RB,RB,RB,QB,QB,WR,WR,0,2,4,3,1601
4th,WR,RB,RB,WR,QB,TE,QB,WR,TE,1,3,5,0,1601
1st,RB,WR,WR,TE,WR,RB,WR,QB,WR,1,4,3,1,1601
1st,RB,RB,RB,TE,WR,WR,TE,QB,QB,0,0,9,0,1601
4th,RB,RB,WR,WR,QB,WR,WR,TE,TE,2,2,5,0,1601
1st,WR,WR,RB,TE,WR,RB,RB,QB,QB,1,5,2,1,1601
1st,RB,WR,WR,WR,RB,QB,RB,TE,TE,1,3,5,0,1601
1st,WR,TE,WR,WR,WR,QB,RB,RB,RB,1,3,4,1,1601
12th,RB,RB,WR,WR,QB,WR,QB,TE,QB,0,3,5,1,1601
6th,RB,WR,WR,WR,QB,TE,RB,WR,WR,1,4,3,1,1600
9th,RB,WR,WR,WR,WR,QB,TE,TE,QB,0,6,3,0,1600
1st,RB,RB,RB,RB,RB,QB,QB,TE,TE,0,0,9,0,1600
9th,RB,WR,RB,QB,TE,QB,WR,WR,RB,0,2,5,2,1600
6th,RB,WR,WR,TE,QB,RB,WR,WR,WR,1,4,3,1,1600
6th,RB,RB,RB,RB,TE,QB,TE,QB,WR,0,0,9,0,1600
6th,RB,RB,WR,QB,TE,QB,TE,WR,WR,0,2,7,0,1600
4th,RB,WR,WR,WR,QB,TE,QB,TE,WR,0,6,3,0,1600
1st,RB,WR,RB,WR,TE,WR,RB,TE,QB,1,2,4,2,1600
1st,WR,RB,WR,QB,WR,RB,RB,QB,TE,0,5,4,0,1600
12th,RB,RB,RB,RB,TE,QB,TE,QB,WR,0,0,9,0,1600
12th,RB,WR,WR,WR,QB,WR,TE,QB,TE,0,6,3,0,1600
1st,RB,WR,RB,WR,TE,QB,QB,WR,TE,0,4,4,1,1600
4th,RB,WR,RB,QB,RB,WR,QB,WR,TE,0,2,5,2,1600
1st,RB,RB,WR,WR,RB,TE,RB,QB,QB,0,3,5,1,1599
4th,RB,RB,RB,TE,QB,QB,WR,WR,WR,0,0,9,0,1599
9th,RB,WR,WR,QB,WR,RB,WR,TE,QB,0,3,5,1,1599
1st,WR,RB,RB,WR,WR,QB,RB,QB,TE,0,3,4,2,1599
9th,RB,WR,QB,WR,WR,WR,WR,TE,RB,1,3,4,1,1599
12th,WR,RB,WR,WR,TE,WR,QB,RB,TE,2,4,3,0,1599
12th,WR,RB,RB,TE,WR,QB,QB,QB,RB,0,4,4,1,1599
1st,RB,RB,RB,RB,RB,WR,QB,QB,TE,0,0,8,1,1599
1st,RB,WR,TE,TE,QB,QB,RB,RB,RB,0,1,8,0,1599
9th,WR,WR,RB,QB,WR,RB,RB,WR,RB,1,1,4,3,1599
1st,RB,WR,WR,WR,TE,RB,QB,TE,RB,1,4,4,0,1599
9th,WR,RB,RB,WR,WR,QB,RB,QB,TE,0,3,4,2,1599
9th,RB,RB,QB,WR,WR,WR,RB,QB,TE,0,2,5,2,1599
1st,WR,WR,RB,RB,WR,QB,TE,QB,TE,0,4,4,1,1599
4th,RB,WR,WR,WR,QB,WR,TE,QB,RB,1,3,4,1,1599
12th,WR,RB,RB,QB,QB,RB,WR,TE,RB,0,3,5,1,1599
9th,WR,WR,TE,QB,WR,WR,RB,QB,RB,1,4,2,2,1599
12th,WR,RB,QB,WR,WR,WR,RB,RB,WR,1,3,3,2,1599
1st,TE,WR,WR,WR,QB,QB,RB,RB,RB,0,3,6,0,1599
6th,WR,WR,WR,QB,WR,WR,TE,TE,QB,0,9,0,0,1599
1st,WR,WR,WR,WR,WR,RB,RB,RB,RB,3,2,2,2,1599
1st,RB,TE,RB,WR,WR,RB,TE,QB,QB,1,3,5,0,1599
12th,WR,WR,WR,WR,RB,QB,RB,QB,RB,0,3,3,3,1599
6th,WR,WR,WR,WR,RB,QB,RB,QB,RB,0,3,3,3,1599
12th,RB,RB,RB,TE,TE,QB,QB,WR,WR,0,0,9,0,1599
6th,RB,WR,WR,WR,TE,RB,WR,QB,WR,1,4,3,1,1598
1st,RB,WR,QB,TE,RB,QB,WR,RB,TE,1,3,5,0,1598
1st,RB,WR,RB,QB,WR,RB,QB,WR,TE,0,4,3,2,1598
1st,RB,RB,WR,TE,WR,WR,WR,QB,WR,1,5,2,1,1598
1st,RB,WR,WR,TE,QB,RB,WR,TE,RB,1,5,3,0,1598
1st,RB,WR,WR,TE,WR,WR,WR,QB,RB,2,4,1,2,1598
1st,WR,WR,WR,RB,RB,RB,QB,QB,WR,0,4,3,2,1598
6th,WR,WR,RB,WR,QB,WR,RB,WR,RB,1,2,4,2,1598
1st,WR,WR,RB,WR,TE,WR,RB,TE,QB,2,2,5,0,1598
9th,RB,WR,RB,QB,WR,WR,TE,WR,QB,0,3,4,2,1598
12th,RB,RB,RB,WR,WR,WR,WR,QB,RB,2,2,3,2,1598
12th,RB,WR,WR,RB,TE,TE,QB,QB,WR,0,4,5,0,1598
12th,RB,WR,WR,TE,QB,TE,WR,QB,WR,0,6,3,0,1598
1st,WR,WR,WR,TE,QB,RB,RB,RB,TE,2,4,3,0,1598
12th,WR,RB,RB,RB,RB,QB,QB,TE,TE,0,0,9,0,1598
6th,RB,RB,WR,WR,QB,QB,WR,WR,WR,0,3,3,3,1598
1st,RB,RB,RB,RB,RB,WR,QB,QB,TE,0,1,7,1,1598
9th,RB,RB,WR,QB,TE,QB,TE,WR,WR,0,2,7,0,1597
9th,WR,WR,WR,QB,WR,QB,RB,WR,TE,0,5,4,0,1597
1st,RB,WR,WR,QB,TE,QB,WR,RB,WR,1,4,3,1,1597
4th,RB,WR,RB,QB,TE,QB,WR,WR,WR,0,4,4,1,1597
1st,WR,WR,WR,QB,QB,RB,RB,RB,TE,1,4,3,1,1597
4th,WR,RB,TE,RB,QB,WR,QB,RB,WR,0,3,5,1,1597
12th,WR,RB,RB,QB,WR,RB,WR,QB,WR,0,4,3,2,1597
1st,WR,RB,RB,WR,TE,QB,TE,RB,QB,0,5,4,0,1597
6th,RB,RB,WR,WR,WR,WR,TE,QB,RB,1,2,4,2,1597
4th,RB,RB,WR,QB,WR,WR,RB,TE,TE,0,2,7,0,1597
12th,WR,RB,WR,WR,QB,WR,TE,QB,WR,0,5,4,0,1597
4th,RB,TE,WR,QB,WR,WR,RB,RB,WR,0,4,5,0,1597
4th,RB,WR,WR,RB,QB,TE,QB,WR,TE,0,3,4,2,1597
9th,RB,RB,WR,QB,WR,WR,RB,WR,RB,1,1,4,3,1597
1st,RB,RB,WR,WR,TE,QB,TE,RB,WR,0,3,6,0,1597
4th,RB,RB,WR,TE,QB,QB,RB,WR,TE,0,3,5,1,1597
12th,WR,RB,RB,QB,TE,WR,WR,QB,WR,2,4,2,1,1597
6th,RB,RB,WR,WR,WR,TE,QB,TE,QB,0,3,6,0,1597
1st,RB,WR,WR,TE,QB,RB,WR,WR,WR,1,4,3,1,1597
1st,WR,WR,WR,QB,TE,RB,RB,TE,QB,0,2,5,2,1596
9th,RB,WR,WR,WR,WR,QB,TE,QB,TE,0,6,3,0,1596
4th,RB,RB,WR,WR,WR,TE,QB,WR,QB,0,3,4,2,1596
4th,RB,RB,WR,QB,WR,QB,QB,TE,RB,0,3,5,1,1596
4th,WR,RB,WR,QB,RB,TE,RB,WR,RB,1,2,5,1,1596
1st,WR,WR,RB,TE,WR,TE,QB,QB,RB,1,5,3,0,1596
6th,WR,WR,WR,WR,WR,RB,QB,QB,TE,0,4,4,1,1596
1st,WR,WR,WR,RB,TE,WR,RB,RB,QB,2,4,3,0,1596
4th,RB,WR,TE,WR,QB,TE,RB,RB,RB,1,3,5,0,1596
1st,RB,WR,RB,TE,TE,TE,WR,QB,RB,1,3,5,0,1596
12th,RB,RB,WR,WR,QB,QB,WR,WR,WR,0,3,3,3,1596
9th,RB,WR,WR,QB,WR,TE,WR,WR,QB,0,6,2,1,1596
6th,RB,RB,RB,RB,RB,WR,QB,QB,TE,1,0,7,1,1596
9th,WR,WR,WR,RB,WR,QB,TE,QB,RB,0,5,3,1,1596
12th,WR,WR,WR,RB,TE,QB,QB,RB,RB,0,3,4,2,1596
1st,RB,WR,WR,WR,QB,RB,WR,WR,TE,1,4,3,1,1596
1st,RB,WR,TE,TE,QB,WR,WR,QB,WR,0,6,3,0,1596
1st,RB,WR,RB,TE,WR,RB,QB,TE,QB,2,2,4,1,1596
6th,RB,RB,WR,WR,WR,WR,TE,QB,TE,1,3,5,0,1596
1st,WR,WR,WR,TE,QB,QB,WR,RB,TE,1,5,2,1,1596
1st,WR,WR,WR,WR,WR,RB,RB,RB,RB,3,2,1,3,1596
1st,RB,RB,WR,WR,WR,TE,QB,WR,QB,0,3,4,2,1596
4th,RB,RB,WR,WR,QB,QB,TE,TE,WR,0,4,5,0,1596
6th,RB,WR,WR,WR,WR,QB,WR,WR,TE,1,5,2,1,1596
6th,RB,WR,WR,QB,QB,WR,WR,TE,WR,0,6,2,1,1596
9th,RB,WR,WR,QB,WR,TE,RB,WR,WR,1,4,3,1,1595
12th,RB,WR,WR,RB,WR,QB,WR,QB,WR,0,2,5,2,1595
1st,RB,RB,WR,QB,WR,WR,RB,TE,TE,0,2,7,0,1595
1st,WR,RB,WR,TE,TE,QB,RB,QB,TE,1,3,5,0,1595
6th,RB,WR,WR,QB,TE,RB,WR,WR,WR,1,4,3,1,1595
1st,RB,WR,WR,QB,TE,WR,RB,WR,WR,1,4,3,1,1595
6th,RB,WR,WR,TE,QB,TE,WR,QB,WR,0,6,3,0,1595
6th,RB,RB,WR,WR,QB,QB,TE,TE,WR,0,4,5,0,1595
1st,WR,TE,WR,QB,QB,QB,RB,RB,RB,0,3,5,1,1595
1st,RB,WR,WR,WR,WR,QB,WR,WR,TE,1,5,2,1,1595
1st,WR,WR,WR,WR,WR,RB,WR,RB,QB,2,5,1,1,1595
6th,RB,WR,WR,QB,WR,RB,WR,WR,TE,1,4,3,1,1595
4th,RB,WR,WR,QB,RB,WR,QB,WR,TE,1,4,4,0,1595
12th,WR,WR,WR,WR,WR,RB,QB,QB,TE,0,6,2,1,1595
4th,RB,RB,WR,WR,WR,QB,RB,TE,WR,2,2,3,2,1595
6th,RB,WR,QB,QB,TE,TE,WR,WR,WR,0,6,3,0,1595
12th,WR,RB,QB,RB,TE,WR,QB,WR,WR,0,4,4,1,1595
1st,TE,WR,WR,WR,QB,RB,RB,RB,QB,0,3,6,0,1595
9th,RB,WR,WR,RB,WR,QB,WR,QB,WR,0,2,5,2,1595
4th,RB,RB,TE,QB,RB,TE,RB,RB,QB,0,0,9,0,1595
12th,RB,RB,WR,WR,WR,TE,QB,TE,QB,0,3,6,0,1595
1st,WR,QB,WR,TE,RB,QB,QB,RB,RB,0,4,5,0,1595
4th,WR,WR,WR,WR,QB,TE,QB,WR,TE,0,9,0,0,1595
12th,RB,WR,WR,WR,TE,QB,QB,TE,WR,0,6,3,0,1594
6th,RB,WR,RB,QB,WR,WR,WR,RB,QB,0,2,4,3,1594
12th,WR,WR,RB,WR,WR,QB,QB,RB,WR,1,3,3,2,1594
1st,RB,RB,WR,WR,RB,QB,QB,RB,TE,1,2,4,2,1594
6th,WR,WR,WR,RB,RB,RB,QB,QB,WR,0,3,3,3,1594
1st,RB,WR,WR,WR,WR,WR,QB,WR,TE,1,5,2,1,1594
1st,RB,WR,WR,WR,WR,RB,QB,WR,TE,1,2,5,1,1594
1st,WR,RB,WR,QB,QB,RB,WR,RB,WR,0,3,3,3,1594
1st,RB,RB,WR,QB,WR,TE,RB,QB,WR,1,2,5,1,1594
6th,WR,WR,WR,WR,WR,RB,QB,QB,TE,0,3,5,1,1594
1st,RB,RB,RB,WR,WR,WR,TE,TE,QB,1,3,5,0,1594
1st,RB,WR,RB,TE,RB,WR,QB,TE,QB,0,4,4,1,1594
9th,RB,WR,WR,WR,QB,WR,TE,QB,TE,0,6,3,0,1594
12th,WR,WR,WR,WR,WR,RB,QB,QB,TE,0,5,3,1,1594
12th,WR,WR,TE,RB,WR,QB,RB,QB,TE,0,4,5,0,1594
12th,WR,WR,WR,WR,WR,RB,QB,QB,TE,0,4,4,1,1594
1st,RB,WR,WR,QB,WR,TE,WR,WR,QB,0,6,2,1,1594
4th,RB,RB,RB,QB,QB,WR,WR,TE,TE,0,3,5,1,1594
9th,RB,WR,WR,QB,WR,QB,TE,WR,RB,1,2,4,2,1594
4th,RB,RB,WR,TE,RB,WR,QB,WR,QB,1,3,5,0,1594
6th,RB,WR,WR,WR,QB,TE,WR,QB,TE,0,6,3,0,1594
12th,RB,RB,WR,WR,WR,WR,TE,QB,TE,1,3,5,0,1594
9th,RB,WR,WR,QB,TE,QB,WR,WR,TE,0,6,3,0,1594
4th,RB,RB,WR,WR,TE,TE,QB,QB,WR,0,4,5,0,1594
6th,RB,RB,WR,RB,QB,WR,TE,WR,RB,1,3,4,1,1594
12th,WR,WR,RB,WR,WR,TE,QB,QB,WR,0,5,3,1,1594
4th,RB,RB,WR,QB,TE,WR,WR,TE,WR,1,2,5,1,1593
1st,RB,WR,RB,WR,TE,QB,RB,WR,RB,0,2,6,1,1593
12th,RB,WR,WR,RB,WR,WR,QB,QB,QB,0,3,4,2,1593
6th,RB,RB,WR,QB,WR,RB,WR,WR,RB,1,1,4,3,1593
12th,RB,RB,RB,RB,RB,QB,QB,QB,WR,0,0,7,2,1593
1st,RB,WR,WR,QB,WR,RB,WR,WR,TE,1,4,3,1,1593
12th,RB,WR,WR,WR,QB,TE,WR,QB,TE,0,6,3,0,1593
1st,RB,WR,QB,WR,WR,RB,WR,RB,TE,1,2,5,1,1593
12th,WR,RB,RB,WR,WR,WR,QB,RB,TE,1,4,4,0,1593
4th,WR,RB,WR,WR,RB,TE,QB,QB,WR,1,3,3,2,1593
4th,RB,WR,RB,QB,QB,WR,TE,WR,WR,0,4,4,1,1593
6th,RB,RB,RB,RB,RB,QB,QB,TE,TE,0,0,9,0,1593
9th,RB,WR,RB,QB,WR,RB,RB,WR,TE,1,1,5,2,1593
9th,RB,WR,WR,WR,WR,WR,RB,QB,TE,1,4,3,1,1593
6th,WR,RB,RB,WR,QB,WR,RB,WR,TE,1,4,2,2,1593
9th,RB,WR,WR,WR,QB,WR,RB,WR,TE,1,4,3,1,1593
4th,WR,WR,WR,RB,QB,RB,RB,RB,WR,1,1,4,3,1593
6th,RB,RB,RB,RB,RB,WR,QB,QB,TE,0,0,8,1,1593
1st,RB,RB,WR,WR,WR,TE,QB,WR,QB,0,3,4,2,1593
1st,RB,WR,RB,QB,WR,WR,WR,RB,WR,1,2,3,3,1593
1st,RB,WR,WR,WR,QB,TE,TE,QB,WR,0,6,3,0,1593
4th,RB,WR,RB,QB,WR,WR,WR,RB,WR,1,2,3,3,1593
12th,RB,RB,RB,WR,TE,WR,QB,WR,WR,2,0,5,2,1593
12th,WR,WR,WR,WR,RB,WR,QB,QB,TE,1,5,1,2,1593
12th,WR,RB,WR,WR,QB,QB,RB,RB,TE,0,2,5,2,1593
9th,RB,WR,QB,TE,WR,WR,TE,WR,QB,0,4,4,1,1593
4th,RB,WR,WR,QB,RB,WR,RB,WR,RB,0,2,5,2,1593
4th,RB,WR,WR,WR,QB,TE,RB,WR,WR,1,4,3,1,1593
6th,RB,RB,RB,WR,QB,WR,WR,WR,RB,1,0,5,3,1593
12th,WR,RB,WR,WR,TE,QB,QB,RB,RB,0,4,3,2,1592
6th,RB,WR,WR,QB,WR,TE,WR,WR,QB,0,6,2,1,1592
1st,WR,QB,WR,TE,WR,RB,RB,RB,QB,1,4,3,1,1592
1st,WR,RB,WR,TE,TE,RB,RB,QB,RB,1,2,5,1,1592
4th,RB,WR,WR,QB,WR,WR,RB,WR,TE,1,4,3,1,1592
4th,WR,RB,WR,QB,QB,RB,WR,RB,WR,0,3,3,3,1592
6th,RB,RB,RB,RB,RB,WR,QB,QB,TE,0,1,7,1,1592
12th,RB,RB,RB,RB,RB,WR,QB,QB,TE,0,0,7,2,1592
12th,RB,RB,WR,WR,WR,TE,QB,RB,WR,1,2,4,2,1592
4th,WR,WR,WR,QB,TE,QB,TE,WR,WR,0,7,2,0,1592
12th,RB,WR,WR,WR,QB,TE,QB,TE,WR,0,6,3,0,1592
4th,WR,RB,WR,WR,TE,WR,QB,RB,TE,2,4,3,0,1592
12th,RB,RB,RB,RB,RB,QB,QB,TE,TE,0,0,9,0,1592
1st,WR,RB,WR,WR,TE,RB,RB,QB,TE,2,3,4,0,1592
9th,RB,WR,TE,QB,WR,QB,RB,WR,QB,0,3,4,2,1592
12th,WR,TE,RB,WR,QB,TE,WR,QB,RB,0,5,4,0,1592
4th,WR,RB,RB,RB,QB,QB,TE,TE,RB,0,0,9,0,1592
1st,WR,WR,WR,QB,TE,TE,TE,QB,RB,0,4,5,0,1592
12th,RB,RB,RB,RB,RB,WR,QB,QB,TE,0,1,7,1,1592
4th,RB,WR,WR,WR,QB,WR,WR,WR,TE,1,5,2,1,1592
4th,WR,RB,TE,RB,WR,QB,QB,WR,QB,0,5,4,0,1592
4th,RB,WR,WR,WR,WR,WR,QB,WR,TE,1,5,2,1,1592
4th,RB,RB,WR,WR,WR,TE,QB,RB,WR,1,2,4,2,1592
6th,RB,WR,RB,WR,RB,WR,RB,WR,RB,3,0,3,3,1592
4th,RB,TE,WR,TE,QB,WR,QB,WR,WR,0,6,3,0,1592
1st,RB,WR,RB,WR,TE,RB,QB,TE,WR,2,2,4,1,1592
1st,RB,RB,RB,RB,RB,TE,TE,QB,QB,0,0,9,0,1592
1st,RB,TE,WR,QB,WR,TE,QB,WR,RB,0,5,4,0,1592
12th,RB,WR,WR,RB,WR,WR,WR,QB,RB,1,2,3,3,1592
9th,RB,WR,WR,QB,WR,RB,WR,WR,TE,1,4,3,1,1592
4th,RB,RB,RB,RB,RB,QB,QB,TE,TE,0,0,9,0,1592
12th,WR,TE,RB,TE,WR,QB,QB,RB,WR,0,5,4,0,1591
12th,RB,RB,WR,WR,TE,QB,RB,QB,TE,0,4,4,1,1591
6th,RB,WR,WR,QB,WR,TE,RB,WR,WR,1,4,3,1,1591
4th,RB,RB,RB,WR,QB,WR,WR,WR,RB,1,0,5,3,1591
1st,RB,WR,RB,QB,WR,RB,QB,WR,TE,0,3,4,2,1591
1st,RB,RB,WR,WR,RB,QB,RB,RB,QB,1,2,4,2,1591
1st,RB,QB,WR,TE,WR,QB,RB,RB,WR,1,2,5,1,1591
12th,WR,RB,TE,WR,QB,WR,WR,QB,RB,1,4,3,1,1591
12th,WR,RB,WR,RB,TE,WR,QB,QB,QB,1,5,3,0,1591
9th,RB,WR,RB,QB,WR,RB,QB,WR,TE,0,4,3,2,1591
1st,WR,WR,RB,TE,RB,WR,RB,QB,TE,1,5,3,0,1591
1st,WR,WR,RB,TE,WR,QB,WR,RB,RB,1,4,3,1,1591
12th,RB,WR,RB,WR,WR,TE,WR,QB,RB,1,2,4,2,1591
9th,RB,RB,WR,QB,WR,WR,TE,WR,QB,1,3,3,2,1591
12th,WR,WR,RB,RB,TE,WR,QB,RB,WR,1,2,5,1,1591
9th,RB,WR,RB,QB,WR,WR,RB,TE,QB,0,3,4,2,1591
9th,RB,WR,WR,WR,QB,WR,WR,WR,TE,1,5,2,1,1591
12th,RB,RB,QB,WR,WR,WR,QB,RB,RB,0,4,3,2,1591
12th,WR,RB,WR,QB,WR,TE,WR,QB,TE,1,4,4,0,1591
9th,RB,WR,TE,QB,TE,QB,WR,WR,WR,0,6,3,0,1591
9th,RB,WR,WR,WR,WR,QB,WR,WR,TE,1,5,2,1,1591
1st,RB,WR,WR,QB,WR,QB,RB,QB,TE,1,5,3,0,1591
4th,RB,WR,WR,TE,QB,TE,WR,QB,WR,0,6,3,0,1591
6th,WR,WR,RB,RB,WR,WR,QB,TE,RB,1,2,4,2,1591
6th,RB,RB,RB,TE,TE,QB,QB,WR,WR,0,0,9,0,1591
1st,RB,WR,WR,TE,WR,QB,RB,WR,WR,1,4,3,1,1591
1st,WR,QB,WR,WR,RB,WR,QB,TE,TE,0,4,5,0,1591
1st,WR,RB,RB,WR,WR,QB,TE,QB,RB,1,4,4,0,1591
6th,RB,WR,WR,WR,TE,QB,WR,WR,WR,1,4,3,1,1591
1st,RB,TE,WR,TE,QB,WR,QB,RB,RB,0,4,5,0,1590
4th,WR,RB,WR,WR,QB,WR,TE,QB,RB,0,5,2,2,1590
9th,RB,WR,QB,TE,WR,QB,RB,WR,RB,0,4,3,2,1590
4th,RB,WR,WR,QB,RB,TE,RB,WR,WR,1,5,3,0,1590
9th,RB,RB,RB,QB,WR,WR,WR,WR,WR,2,0,5,2,1590
1st,WR,WR,WR,WR,QB,RB,TE,QB,RB,1,3,3,2,1590
4th,RB,WR,WR,TE,QB,RB,WR,WR,WR,1,4,3,1,1590
1st,RB,WR,WR,WR,RB,WR,QB,TE,WR,1,5,2,1,1590
1st,RB,WR,RB,WR,TE,QB,WR,QB,WR,1,5,3,0,1590
1st,RB,RB,RB,WR,WR,QB,WR,WR,QB,0,0,6,3,1590
4th,WR,RB,RB,RB,QB,QB,WR,TE,WR,0,2,5,2,1590
4th,WR,WR,WR,QB,WR,QB,RB,WR,TE,0,5,4,0,1590
1st,RB,WR,RB,RB,WR,WR,WR,TE,QB,1,1,5,2,1590
1st,RB,RB,RB,RB,RB,QB,QB,QB,TE,0,0,8,1,1590
4th,RB,RB,WR,WR,WR,WR,QB,QB,TE,0,2,5,2,1590
6th,RB,TE,RB,WR,WR,WR,QB,RB,WR,1,3,4,1,1590
1st,RB,RB,WR,WR,QB,QB,TE,TE,WR,0,4,5,0,1590
6th,RB,WR,WR,QB,WR,TE,WR,RB,QB,0,3,4,2,1590
12th,RB,WR,RB,WR,QB,QB,RB,TE,WR,0,4,4,1,1590
1st,RB,RB,RB,RB,RB,TE,TE,QB,QB,0,0,9,0,1590
1st,WR,WR,WR,WR,WR,RB,RB,RB,RB,2,2,3,2,1590
12th,WR,WR,RB,WR,WR,QB,RB,QB,RB,0,5,2,2,1590
12th,RB,WR,QB,QB,TE,TE,WR,RB,WR,0,4,5,0,1590
12th,WR,WR,WR,TE,WR,QB,WR,QB,TE,0,9,0,0,1589
1st,RB,RB,RB,RB,RB,QB,QB,QB,WR,0,0,7,2,1589
12th,WR,QB,WR,WR,WR,TE,QB,RB,WR,0,5,4,0,1589
4th,WR,RB,WR,WR,QB,TE,WR,QB,WR,0,4,3,2,1589
12th,RB,WR,WR,TE,QB,RB,WR,QB,WR,0,4,4,1,1589
9th,RB,WR,WR,TE,WR,QB,QB,WR,WR,1,5,1,2,1589
6th,WR,WR,RB,RB,TE,WR,QB,RB,WR,1,2,5,1,1589
9th,RB,WR,WR,WR,WR,RB,WR,QB,TE,1,4,3,1,1589
4th,RB,WR,RB,QB,WR,WR,TE,WR,QB,0,3,4,2,1589
9th,RB,WR,WR,TE,WR,QB,WR,TE,QB,0,6,3,0,1589
1st,WR,RB,WR,WR,QB,WR,TE,QB,RB,0,5,2,2,1589
1st,RB,WR,WR,WR,WR,TE,WR,QB,WR,1,5,2,1,1589
12th,RB,RB,TE,QB,WR,TE,RB,QB,WR,0,4,5,0,1589
6th,WR,RB,RB,WR,WR,QB,RB,QB,TE,0,3,4,2,1589
1st,WR,WR,TE,TE,WR,WR,WR,RB,QB,2,5,2,0,1589
4th,RB,WR,WR,WR,QB,TE,TE,QB,WR,0,6,3,0,1589
1st,RB,WR,TE,WR,QB,QB,WR,TE,WR,0,6,3,0,1589
9th,RB,RB,QB,WR,TE,QB,WR,WR,WR,0,5,3,1,1589
12th,WR,RB,WR,QB,QB,RB,WR,RB,WR,0,3,3,3,1589
6th,WR,RB,WR,WR,QB,QB,RB,RB,TE,0,2,5,2,1589
4th,RB,WR,WR,TE,WR,QB,RB,WR,WR,1,4,3,1,1589
6th,WR,WR,WR,WR,WR,RB,QB,RB,QB,0,4,2,3,1589
1st,WR,WR,RB,RB,TE,TE,QB,QB,RB,0,4,5,0,1589
4th,RB,WR,WR,RB,WR,WR,QB,WR,RB,2,4,2,1,1589
12th,WR,RB,WR,RB,RB,WR,WR,QB,QB,0,4,3,2,1588
6th,RB,RB,WR,QB,WR,WR,RB,TE,TE,0,2,7,0,1588
12th,WR,RB,RB,WR,WR,WR,QB,QB,RB,2,2,3,2,1588
12th,RB,RB,RB,TE,WR,WR,TE,QB,QB,0,0,9,0,1588
12th,WR,WR,WR,RB,QB,QB,WR,QB,WR,0,4,3,2,1588
4th,RB,WR,WR,WR,QB,TE,RB,TE,WR,1,2,5,1,1588
12th,WR,WR,QB,WR,TE,QB,WR,RB,WR,0,4,3,2,1588
12th,WR,RB,RB,QB,WR,TE,QB,QB,WR,0,5,4,0,1588
4th,RB,TE,WR,TE,QB,WR,QB,RB,RB,0,4,5,0,1588
12th,WR,RB,RB,QB,TE,WR,QB,TE,QB,0,5,4,0,1588
6th,RB,WR,WR,RB,WR,WR,WR,QB,RB,1,2,3,3,1588
1st,RB,RB,WR,QB,WR,WR,RB,WR,RB,1,1,4,3,1588
12th,WR,RB,WR,WR,WR,TE,WR,QB,RB,2,5,2,0,1588
12th,WR,TE,WR,TE,WR,WR,QB,QB,RB,1,5,3,0,1588
6th,RB,WR,WR,RB,WR,RB,WR,QB,QB,0,3,3,3,1588
1st,RB,RB,TE,WR,WR,QB,WR,RB,WR,1,2,5,1,1588
4th,RB,QB,RB,WR,QB,TE,WR,WR,WR,0,5,3,1,1588
9th,RB,WR,WR,TE,WR,WR,WR,QB,RB,2,4,1,2,1588
9th,RB,WR,QB,WR,WR,RB,TE,WR,WR,2,3,4,0,1588
1st,WR,WR,TE,TE,WR,RB,RB,WR,QB,2,5,2,0,1588
1st,RB,RB,RB,RB,WR,QB,WR,QB,WR,0,0,6,3,1588
4th,RB,RB,WR,QB,WR,RB,WR,WR,RB,1,1,4,3,1588
1st,RB,WR,RB,WR,RB,WR,TE,TE,QB,2,1,5,1,1588
12th,WR,WR,TE,WR,QB,WR,QB,RB,WR,0,5,2,2,1588
9th,WR,WR,WR,QB,TE,QB,TE,WR,WR,0,7,2,0,1588
9th,RB,WR,WR,WR,TE,QB,RB,WR,WR,1,4,3,1,1588
12th,RB,WR,WR,WR,WR,WR,RB,QB,TE,1,4,3,1,1588
6th,RB,WR,TE,TE,QB,WR,WR,QB,WR,0,6,3,0,1588
1st,RB,QB,RB,WR,WR,RB,QB,RB,QB,0,2,5,2,1587
12th,RB,RB,RB,RB,RB,WR,QB,QB,TE,0,0,8,1,1587
12th,RB,RB,WR,WR,RB,WR,WR,QB,QB,0,1,5,3,1587
4th,WR,WR,RB,WR,QB,WR,RB,WR,RB,1,2,4,2,1587
1st,RB,WR,RB,WR,WR,TE,WR,QB,RB,1,2,4,2,1587
4th,RB,RB,WR,TE,QB,WR,WR,WR,WR,2,2,3,2,1587
1st,WR,WR,RB,WR,QB,TE,RB,TE,QB,0,3,4,2,1587
6th,WR,WR,WR,RB,TE,RB,QB,RB,QB,0,4,4,1,1587
12th,RB,WR,WR,TE,WR,WR,RB,QB,WR,1,4,3,1,1587
4th,WR,RB,RB,WR,WR,QB,RB,QB,TE,0,3,4,2,1587
4th,RB,WR,WR,TE,TE,QB,QB,WR,WR,0,6,3,0,1587
1st,RB,RB,WR,WR,WR,QB,RB,TE,WR,2,2,3,2,1587
1st,WR,RB,RB,TE,QB,RB,QB,QB,RB,0,3,5,1,1587
1st,RB,QB,WR,WR,RB,WR,RB,RB,QB,2,2,3,2,1587
9th,RB,WR,WR,WR,RB,QB,RB,TE,TE,1,3,5,0,1587
4th,RB,WR,WR,TE,QB,TE,RB,QB,QB,0,4,5,0,1587
4th,RB,WR,TE,WR,QB,TE,WR,WR,QB,0,6,3,0,1587
9th,RB,WR,TE,TE,QB,WR,WR,QB,WR,0,6,3,0,1587
6th,RB,WR,WR,WR,QB,RB,WR,WR,TE,1,4,3,1,1587
9th,RB,WR,RB,QB,WR,WR,WR,RB,WR,1,2,3,3,1587
4th,RB,WR,WR,WR,QB,TE,WR,QB,TE,0,6,3,0,1587
9th,RB,RB,WR,WR,QB,QB,TE,TE,WR,0,4,5,0,1587
4th,RB,RB,RB,TE,QB,QB,WR,WR,WR,0,0,8,1,1587
9th,RB,WR,TE,QB,WR,QB,WR,WR,WR,1,5,1,2,1587
1st,RB,TE,WR,WR,QB,WR,WR,RB,RB,1,5,3,0,1587
12th,WR,WR,WR,RB,RB,RB,QB,QB,WR,0,3,3,3,1587
4th,RB,RB,RB,WR,WR,TE,QB,WR,RB,2,2,5,0,1587
9th,WR,RB,WR,QB,WR,RB,RB,WR,RB,1,1,4,3,1587
4th,WR,RB,RB,RB,QB,WR,WR,QB,WR,0,2,4,3,1587
6th,WR,WR,WR,WR,TE,TE,WR,WR,WR,3,6,0,0,1587
6th,RB,RB,WR,WR,WR,WR,RB,WR,RB,3,2,1,3,1586
9th,WR,WR,WR,WR,WR,RB,QB,QB,TE,0,7,1,1,1586
1st,WR,QB,WR,TE,RB,RB,RB,RB,QB,1,3,5,0,1586
1st,RB,RB,WR,WR,TE,QB,WR,TE,WR,1,3,5,0,1586
6th,RB,WR,RB,WR,TE,QB,RB,WR,RB,0,2,6,1,1586
4th,WR,WR,WR,RB,TE,QB,QB,RB,RB,0,3,4,2,1586
6th,TE,WR,WR,WR,TE,WR,QB,QB,WR,0,9,0,0,1586
1st,WR,RB,WR,TE,WR,WR,QB,QB,RB,2,3,2,2,1586
9th,RB,WR,WR,RB,WR,RB,WR,QB,QB,0,3,3,3,1586
4th,RB,TE,RB,WR,WR,WR,QB,RB,WR,1,3,4,1,1586
9th,RB,RB,RB,WR,WR,QB,WR,WR,WR,1,0,5,3,1586
12th,WR,RB,WR,TE,TE,RB,RB,QB,RB,1,2,5,1,1586
9th,RB,RB,WR,WR,WR,QB,WR,WR,TE,2,3,2,2,1586
4th,WR,WR,WR,WR,RB,QB,RB,QB,RB,0,3,3,3,1586
12th,WR,RB,TE,RB,WR,QB,WR,QB,WR,2,4,2,1,1586
1st,RB,RB,WR,QB,WR,RB,WR,WR,RB,1,1,4,3,1586
1st,RB,RB,WR,WR,WR,QB,QB,WR,TE,1,5,3,0,1586
12th,WR,WR,WR,RB,WR,QB,TE,QB,RB,0,3,4,2,1586
4th,WR,RB,RB,RB,RB,QB,QB,TE,TE,0,0,9,0,1586
6th,RB,RB,RB,RB,RB,WR,QB,WR,QB,0,0,6,3,1586
4th,RB,WR,WR,WR,TE,QB,RB,WR,WR,1,4,3,1,1586
9th,RB,WR,QB,QB,TE,WR,RB,TE,WR,0,3,5,1,1586
4th,RB,WR,WR,WR,WR,QB,TE,TE,QB,0,6,3,0,1586
12th,RB,RB,WR,WR,WR,TE,QB,WR,QB,0,3,4,2,1586
6th,RB,RB,WR,TE,QB,WR,WR,WR,WR,2,2,3,2,1586
9th,WR,WR,WR,WR,RB,QB,RB,QB,RB,0,3,3,3,1586
12th,RB,WR,TE,TE,QB,WR,WR,QB,WR,0,6,3,0,1586
1st,RB,RB,WR,RB,WR,RB,QB,TE,WR,2,1,5,1,1586
4th,RB,RB,RB,RB,RB,WR,QB,QB,TE,0,0,8,1,1586
4th,RB,RB,RB,RB,WR,QB,WR,QB,WR,0,0,6,3,1586
6th,RB,WR,TE,TE,QB,QB,WR,WR,WR,0,4,5,0,1586
4th,WR,RB,RB,QB,WR,WR,RB,RB,WR,1,2,3,3,1586
9th,RB,WR,WR,RB,WR,QB,WR,WR,TE,1,4,3,1,1586
12th,WR,RB,RB,WR,WR,TE,QB,WR,RB,1,2,5,1,1586
12th,RB,WR,WR,QB,TE,QB,WR,WR,TE,0,6,3,0,1586
1st,RB,WR,WR,WR,QB,WR,WR,WR,TE,1,5,2,1,1586
12th,WR,RB,QB,WR,TE,WR,QB,RB,RB,0,5,2,2,1586
9th,RB,RB,RB,RB,WR,QB,WR,QB,WR,0,0,6,3,1586
1st,RB,WR,WR,QB,RB,WR,TE,RB,WR,0,3,5,1,1586
9th,RB,RB,WR,WR,QB,QB,WR,WR,WR,0,3,3,3,1586
4th,RB,WR,WR,TE,QB,RB,WR,QB,WR,0,4,4,1,1586
1st,RB,WR,WR,WR,QB,TE,RB,WR,WR,1,4,3,1,1586
12th,RB,RB,RB,RB,RB,WR,QB,QB,TE,0,0,6,3,1586
6th,RB,RB,RB,RB,RB,WR,QB,QB,TE,0,0,7,2,1585
12th,WR,WR,RB,RB,WR,TE,QB,TE,QB,0,5,4,0,1585
1st,WR,WR,WR,QB,RB,QB,RB,RB,TE,1,4,2,2,1585
6th,RB,WR,WR,TE,WR,QB,WR,TE,QB,0,6,3,0,1585
1st,WR,WR,RB,RB,WR,WR,QB,TE,RB,1,2,4,2,1585
4th,RB,RB,TE,WR,WR,QB,WR,RB,WR,1,2,5,1,1585
9th,RB,WR,RB,TE,WR,RB,RB,QB,TE,2,2,5,0,1585
12th,WR,RB,QB,WR,TE,QB,RB,WR,TE,0,4,4,1,1585
1st,WR,WR,WR,QB,RB,WR,RB,RB,RB,0,2,4,3,1585
6th,WR,RB,WR,RB,QB,WR,RB,WR,RB,0,2,3,4,1585
12th,WR,RB,QB,RB,WR,WR,RB,TE,WR,1,5,2,1,1585
4th,RB,RB,RB,WR,WR,QB,WR,WR,WR,1,0,5,3,1585
9th,RB,WR,WR,WR,WR,WR,TE,QB,WR,1,5,2,1,1585
12th,WR,WR,RB,RB,TE,QB,WR,QB,QB,0,4,4,1,1585
1st,RB,RB,RB,RB,RB,WR,QB,QB,TE,1,0,7,1,1585
6th,WR,RB,RB,QB,WR,WR,RB,RB,WR,1,2,3,3,1585
12th,WR,RB,WR,RB,WR,QB,QB,QB,TE,1,2,4,2,1585
4th,WR,WR,RB,RB,RB,QB,QB,WR,WR,0,2,4,3,1585
12th,RB,RB,RB,RB,RB,QB,QB,QB,TE,0,0,8,1,1585
6th,RB,QB,WR,TE,WR,RB,QB,RB,TE,0,2,7,0,1585
1st,RB,WR,TE,TE,QB,QB,WR,WR,WR,0,4,5,0,1585
1st,WR,RB,WR,RB,RB,QB,WR,QB,TE,0,4,5,0,1585
12th,RB,RB,WR,RB,WR,QB,WR,RB,TE,1,2,4,2,1585
4th,RB,RB,WR,WR,TE,QB,TE,RB,WR,0,3,6,0,1585
9th,RB,WR,WR,RB,QB,QB,QB,WR,TE,0,4,4,1,1585
4th,RB,RB,WR,WR,WR,QB,WR,WR,RB,2,1,4,2,1585
6th,WR,WR,WR,WR,WR,TE,TE,WR,WR,3,6,0,0,1585
12th,RB,RB,WR,QB,TE,WR,WR,TE,WR,1,2,5,1,1585
12th,RB,WR,WR,WR,TE,WR,TE,QB,QB,0,6,3,0,1585
9th,RB,RB,RB,RB,RB,QB,QB,TE,TE,0,0,9,0,1585
12th,WR,RB,WR,TE,TE,QB,WR,WR,QB,0,6,3,0,1585
6th,RB,WR,RB,RB,RB,WR,TE,QB,WR,1,1,5,2,1585
12th,RB,WR,TE,TE,QB,QB,RB,RB,RB,0,1,8,0,1585
6th,RB,RB,RB,RB,RB,WR,QB,QB,TE,0,0,6,3,1585
1st,RB,RB,RB,WR,WR,WR,WR,TE,QB,1,2,4,2,1585
9th,WR,RB,RB,WR,WR,QB,WR,WR,TE,2,3,3,1,1585
4th,RB,WR,WR,TE,WR,QB,QB,WR,WR,1,5,1,2,1585
4th,WR,RB,WR,WR,WR,QB,TE,RB,QB,1,4,3,1,1585
6th,RB,RB,WR,WR,WR,TE,QB,RB,WR,1,2,4,2,1584
9th,RB,WR,WR,WR,TE,QB,WR,WR,WR,1,4,3,1,1584
1st,RB,WR,RB,QB,TE,WR,TE,RB,WR,2,1,5,1,1584
1st,RB,WR,WR,QB,RB,QB,WR,TE,QB,0,4,3,2,1584
12th,RB,TE,RB,WR,WR,WR,QB,RB,WR,1,3,4,1,1584
9th,RB,WR,RB,QB,WR,WR,WR,WR,QB,0,5,3,1,1584
6th,RB,RB,RB,RB,WR,QB,WR,QB,WR,0,0,6,3,1584
4th,WR,RB,WR,QB,WR,TE,TE,TE,WR,2,5,2,0,1584
12th,WR,RB,TE,RB,WR,TE,QB,QB,QB,0,4,5,0,1584
9th,WR,WR,WR,TE,WR,QB,WR,QB,TE,0,9,0,0,1584
4th,WR,RB,WR,QB,WR,RB,RB,WR,RB,1,1,4,3,1584
1st,RB,WR,WR,QB,WR,TE,RB,WR,WR,1,4,3,1,1584
6th,WR,WR,RB,RB,RB,QB,QB,WR,RB,0,3,3,3,1584
12th,WR,RB,TE,RB,WR,WR,QB,QB,TE,0,2,5,2,1584
12th,WR,WR,RB,RB,RB,RB,QB,RB,TE,1,0,6,2,1584
6th,RB,WR,WR,TE,WR,RB,WR,QB,WR,1,4,3,1,1584
12th,RB,WR,WR,WR,TE,WR,WR,QB,WR,1,5,2,1,1584
6th,WR,WR,QB,RB,RB,WR,TE,WR,RB,1,4,2,2,1584
1st,RB,WR,TE,WR,QB,TE,WR,WR,QB,0,6,3,0,1584
12th,RB,WR,TE,TE,WR,QB,WR,QB,WR,0,6,3,0,1584
6th,RB,WR,RB,QB,WR,RB,QB,WR,TE,0,4,3,2,1584
9th,WR,WR,TE,WR,WR,QB,QB,QB,RB,0,5,4,0,1584
9th,RB,WR,WR,WR,WR,QB,QB,TE,RB,1,5,1,2,1584
1st,WR,WR,RB,QB,WR,WR,WR,RB,RB,1,2,3,3,1584
9th,RB,WR,TE,WR,QB,QB,WR,TE,WR,0,6,3,0,1584
1st,WR,WR,RB,RB,RB,RB,QB,RB,TE,1,0,6,2,1584
1st,WR,WR,RB,QB,WR,RB,TE,WR,QB,0,5,4,0,1584
12th,WR,RB,WR,TE,QB,WR,RB,RB,RB,2,3,3,1,1584
4th,RB,WR,RB,WR,QB,TE,QB,QB,WR,0,3,4,2,1584
1st,RB,WR,WR,WR,TE,QB,RB,WR,WR,1,4,3,1,1584
4th,RB,RB,WR,QB,RB,WR,RB,RB,WR,1,2,4,2,1584
12th,WR,RB,TE,WR,WR,QB,WR,QB,TE,1,3,4,1,1584
9th,RB,WR,WR,QB,WR,TE,WR,RB,QB,0,3,4,2,1584
9th,WR,WR,WR,WR,WR,RB,QB,QB,TE,0,5,3,1,1584
6th,WR,WR,WR,TE,TE,WR,WR,WR,WR,3,6,0,0,1584
12th,WR,RB,TE,RB,TE,TE,WR,QB,RB,1,4,4,0,1584
1st,WR,RB,QB,TE,WR,WR,RB,TE,QB,0,5,3,1,1584
1st,WR,WR,WR,WR,WR,WR,WR,TE,TE,3,6,0,0,1584
12th,WR,WR,TE,QB,WR,QB,RB,QB,WR,0,4,3,2,1584
12th,WR,TE,WR,QB,WR,QB,RB,WR,TE,0,5,4,0,1584
4th,RB,RB,WR,TE,WR,QB,QB,QB,TE,0,3,5,1,1584
9th,WR,WR,QB,TE,WR,WR,WR,QB,RB,0,5,3,1,1584
1st,RB,WR,TE,QB,WR,WR,RB,WR,TE,2,3,4,0,1584
9th,WR,WR,WR,WR,WR,RB,QB,QB,TE,0,6,2,1,1584
6th,RB,WR,TE,WR,QB,TE,WR,WR,QB,0,6,3,0,1584
9th,WR,RB,WR,QB,WR,RB,RB,QB,RB,1,3,4,1,1583
12th,WR,RB,WR,RB,RB,QB,WR,QB,TE,0,4,5,0,1583
6th,RB,WR,QB,WR,RB,WR,RB,TE,WR,1,3,4,1,1583
4th,RB,WR,TE,WR,QB,QB,WR,TE,WR,0,6,3,0,1583
1st,WR,WR,QB,QB,RB,TE,RB,RB,RB,0,3,5,1,1583
9th,RB,WR,WR,QB,QB,QB,WR,WR,TE,0,5,2,2,1583
9th,RB,WR,WR,WR,QB,TE,TE,QB,WR,0,6,3,0,1583
4th,WR,WR,RB,RB,QB,QB,TE,TE,RB,0,4,5,0,1583
1st,RB,WR,WR,WR,TE,QB,WR,WR,WR,1,4,3,1,1583
4th,RB,WR,WR,WR,WR,QB,WR,WR,TE,1,5,2,1,1583
4th,WR,WR,WR,WR,WR,RB,QB,QB,TE,0,6,2,1,1583
6th,TE,WR,WR,WR,QB,QB,RB,RB,RB,0,3,6,0,1583
1st,WR,RB,RB,QB,WR,WR,RB,RB,WR,1,2,3,3,1583
9th,WR,WR,TE,RB,QB,QB,WR,WR,TE,0,5,3,1,1583
6th,RB,WR,WR,WR,RB,RB,RB,QB,TE,1,1,5,2,1583
9th,RB,WR,WR,TE,QB,RB,WR,WR,WR,1,4,3,1,1583
4th,WR,RB,WR,QB,WR,WR,TE,WR,TE,0,4,4,1,1583
1st,RB,RB,RB,RB,RB,WR,QB,WR,QB,0,0,6,3,1583
9th,RB,WR,WR,QB,TE,RB,WR,WR,WR,1,4,3,1,1583
1st,RB,RB,RB,RB,RB,WR,QB,QB,TE,0,0,7,2,1583
9th,RB,RB,WR,QB,WR,WR,RB,TE,TE,0,2,7,0,1583
1st,RB,WR,RB,QB,TE,QB,WR,WR,WR,0,4,4,1,1583
12th,RB,WR,WR,TE,TE,QB,QB,WR,WR,0,6,3,0,1583
12th,WR,RB,RB,TE,QB,WR,QB,WR,TE,0,3,5,1,1583
1st,RB,QB,WR,QB,WR,WR,TE,QB,WR,0,4,3,2,1583
6th,RB,RB,RB,RB,RB,QB,QB,QB,WR,0,0,7,2,1583
4th,RB,WR,WR,RB,WR,WR,QB,QB,QB,0,3,4,2,1583
1st,WR,RB,WR,QB,WR,RB,RB,QB,RB,1,3,4,1,1583
12th,RB,WR,WR,WR,QB,TE,TE,QB,WR,0,6,3,0,1582
12th,WR,QB,RB,RB,TE,RB,WR,QB,WR,0,3,5,1,1582
1st,RB,RB,TE,QB,RB,TE,RB,RB,QB,0,0,9,0,1582
6th,RB,RB,WR,WR,RB,WR,WR,QB,QB,0,1,5,3,1582
4th,RB,WR,WR,WR,QB,RB,WR,WR,TE,1,4,3,1,1582
9th,RB,RB,RB,WR,WR,QB,WR,WR,QB,0,0,6,3,1582
6th,RB,WR,WR,WR,WR,TE,WR,QB,WR,1,5,2,1,1582
12th,RB,RB,RB,WR,QB,WR,WR,WR,RB,1,0,5,3,1582
12th,WR,WR,WR,RB,TE,RB,QB,RB,QB,0,4,4,1,1582
4th,WR,RB,WR,RB,QB,WR,RB,WR,RB,0,2,3,4,1582
9th,WR,WR,WR,QB,WR,WR,TE,TE,QB,0,9,0,0,1582
9th,WR,WR,RB,QB,RB,WR,TE,QB,TE,0,5,3,1,1582
9th,RB,WR,WR,WR,QB,RB,WR,WR,TE,1,4,3,1,1582
12th,RB,RB,TE,WR,WR,QB,WR,RB,WR,1,2,5,1,1582
6th,RB,WR,WR,WR,WR,RB,WR,QB,TE,1,4,3,1,1582
12th,RB,RB,WR,WR,WR,TE,QB,WR,QB,0,3,4,2,1582
4th,RB,WR,WR,QB,WR,TE,WR,RB,QB,0,3,4,2,1582
9th,RB,WR,WR,TE,WR,WR,TE,QB,QB,0,6,3,0,1582
4th,RB,RB,WR,RB,TE,QB,QB,QB,WR,0,4,5,0,1582
4th,RB,WR,WR,WR,WR,QB,TE,QB,TE,0,6,3,0,1582
12th,WR,RB,RB,WR,RB,WR,WR,QB,WR,2,4,1,2,1582
12th,WR,RB,RB,QB,QB,WR,RB,TE,QB,0,2,5,2,1582
6th,RB,RB,RB,QB,WR,WR,WR,WR,WR,2,0,5,2,1582
4th,RB,RB,WR,QB,RB,QB,QB,WR,TE,1,2,5,1,1582
6th,WR,WR,WR,WR,WR,WR,WR,TE,TE,3,6,0,0,1582
9th,RB,WR,WR,WR,WR,RB,WR,WR,QB,2,2,3,2,1582
12th,WR,RB,RB,RB,QB,TE,TE,QB,TE,0,4,5,0,1582
4th,WR,TE,WR,QB,WR,RB,RB,WR,QB,0,5,4,0,1582
9th,WR,WR,WR,RB,WR,QB,TE,QB,RB,0,3,4,2,1582
9th,RB,WR,RB,QB,WR,RB,TE,TE,WR,0,2,7,0,1582
6th,RB,WR,TE,QB,TE,QB,WR,WR,WR,0,6,3,0,1581
9th,WR,WR,WR,QB,WR,RB,TE,TE,QB,0,4,5,0,1581
1st,RB,RB,WR,QB,TE,WR,WR,TE,WR,1,2,5,1,1581
6th,WR,RB,RB,RB,QB,WR,WR,QB,WR,0,2,4,3,1581
9th,RB,WR,WR,WR,QB,WR,WR,TE,QB,0,6,2,1,1581
9th,RB,WR,QB,QB,TE,TE,WR,WR,WR,0,6,3,0,1581
12th,RB,RB,RB,RB,RB,WR,WR,TE,TE,3,0,6,0,1581
4th,RB,RB,RB,RB,RB,WR,QB,QB,TE,1,0,7,1,1581
1st,RB,TE,WR,TE,QB,WR,QB,WR,WR,0,6,3,0,1581
12th,WR,WR,WR,QB,TE,QB,QB,RB,WR,0,5,4,0,1581
12th,WR,RB,RB,QB,WR,WR,RB,RB,WR,1,2,3,3,1581
12th,RB,WR,WR,WR,TE,WR,RB,QB,WR,1,4,3,1,1581
9th,RB,WR,RB,QB,WR,WR,WR,RB,QB,0,2,4,3,1581
9th,RB,WR,RB,QB,TE,RB,WR,WR,WR,2,3,4,0,1581
1st,WR,WR,WR,WR,WR,RB,RB,RB,RB,2,2,2,3,1581
1st,WR,RB,RB,WR,WR,QB,QB,WR,TE,1,3,3,2,1581
1st,RB,RB,RB,WR,WR,WR,WR,QB,TE,1,2,4,2,1581
1st,WR,WR,TE,RB,TE,QB,RB,RB,RB,2,2,5,0,1581
9th,RB,RB,TE,WR,WR,QB,WR,RB,WR,1,2,5,1,1581
1st,RB,TE,RB,WR,WR,WR,QB,RB,WR,1,3,4,1,1581
6th,RB,WR,QB,RB,TE,WR,WR,WR,TE,0,4,5,0,1581
6th,RB,WR,RB,QB,WR,RB,TE,TE,WR,0,2,7,0,1581
9th,RB,WR,WR,TE,TE,QB,QB,WR,WR,0,6,3,0,1581
9th,RB,WR,QB,WR,RB,WR,RB,TE,WR,1,3,4,1,1581
9th,RB,WR,QB,RB,RB,WR,QB,WR,TE,0,4,4,1,1581
12th,RB,WR,WR,QB,WR,QB,WR,TE,WR,0,6,2,1,1581
12th,RB,RB,WR,RB,WR,RB,QB,TE,WR,2,1,5,1,1581
12th,WR,WR,WR,RB,TE,RB,QB,RB,QB,0,3,5,1,1581
1st,TE,RB,RB,QB,QB,RB,RB,RB,TE,0,0,9,0,1581
12th,WR,RB,QB,RB,QB,TE,RB,QB,WR,0,2,5,2,1581
9th,RB,RB,TE,WR,WR,QB,WR,RB,WR,1,3,4,1,1581
1st,WR,WR,WR,QB,TE,QB,TE,WR,WR,0,7,2,0,1581
12th,RB,RB,WR,WR,TE,QB,WR,QB,RB,1,4,3,1,1581
9th,RB,RB,WR,QB,TE,WR,WR,TE,WR,1,2,5,1,1581
6th,RB,WR,QB,WR,RB,WR,RB,TE,WR,1,3,4,1,1581
1st,RB,RB,WR,QB,WR,TE,WR,TE,QB,0,2,5,2,1581
12th,WR,RB,RB,RB,WR,QB,RB,QB,WR,1,3,3,2,1581
1st,RB,RB,WR,TE,QB,RB,RB,RB,QB,0,4,4,1,1581
1st,RB,WR,QB,QB,RB,WR,WR,RB,RB,0,1,5,3,1581
12th,RB,RB,RB,RB,RB,WR,QB,QB,TE,1,0,7,1,1580
1st,RB,RB,WR,WR,TE,RB,WR,QB,WR,2,4,3,0,1580
9th,WR,WR,RB,QB,WR,RB,WR,TE,TE,2,3,3,1,1580
4th,RB,RB,WR,RB,QB,WR,TE,WR,RB,1,3,4,1,1580
1st,WR,RB,RB,QB,QB,RB,WR,TE,RB,0,3,5,1,1580
4th,RB,RB,RB,TE,TE,QB,QB,WR,WR,0,0,9,0,1580
4th,RB,RB,WR,RB,WR,QB,WR,RB,TE,1,2,4,2,1580
4th,RB,WR,WR,WR,RB,TE,QB,TE,RB,2,1,5,1,1580
4th,WR,RB,WR,TE,QB,TE,WR,RB,RB,0,4,5,0,1580
9th,WR,WR,QB,QB,WR,WR,RB,WR,TE,0,5,4,0,1580
1st,WR,WR,TE,TE,WR,QB,RB,TE,RB,2,3,4,0,1580
12th,WR,WR,WR,RB,QB,RB,RB,RB,WR,1,1,4,3,1580
12th,RB,WR,WR,QB,QB,WR,WR,TE,WR,0,6,2,1,1580
1st,RB,RB,WR,TE,RB,TE,WR,QB,QB,1,2,5,1,1580
4th,RB,RB,WR,WR,WR,WR,RB,WR,QB,1,2,3,3,1580
4th,RB,RB,RB,WR,QB,WR,RB,TE,RB,2,0,5,2,1580
1st,RB,RB,WR,QB,TE,QB,TE,WR,WR,0,2,7,0,1580
4th,WR,RB,WR,QB,TE,TE,RB,WR,RB,1,3,4,1,1580
6th,WR,RB,RB,RB,QB,QB,TE,TE,RB,0,0,9,0,1580
9th,RB,RB,WR,WR,WR,QB,RB,TE,WR,2,2,3,2,1580
1st,WR,WR,RB,TE,RB,WR,WR,QB,TE,2,2,5,0,1580
12th,RB,WR,WR,WR,WR,WR,TE,QB,WR,1,5,2,1,1580
12th,RB,RB,WR,WR,WR,WR,TE,QB,RB,1,2,4,2,1580
12th,RB,RB,RB,WR,WR,QB,WR,WR,WR,1,0,5,3,1580
9th,RB,RB,WR,WR,WR,WR,TE,QB,TE,1,3,5,0,1580
6th,RB,RB,RB,TE,QB,QB,WR,WR,WR,0,0,8,1,1580
12th,WR,RB,WR,WR,QB,QB,TE,TE,RB,0,4,4,1,1580
1st,WR,WR,RB,RB,TE,TE,TE,QB,QB,0,4,5,0,1580
9th,RB,WR,RB,WR,WR,QB,TE,RB,WR,1,4,4,0,1580
12th,WR,RB,WR,TE,QB,WR,WR,QB,WR,0,3,4,2,1580
6th,RB,WR,RB,QB,WR,WR,RB,TE,QB,0,3,4,2,1580
9th,RB,RB,WR,RB,WR,QB,WR,RB,TE,1,2,4,2,1580
4th,RB,WR,RB,QB,WR,WR,WR,RB,QB,0,2,4,3,1580
6th,RB,RB,WR,WR,TE,TE,TE,QB,QB,0,3,6,0,1580
4th,RB,WR,WR,QB,WR,RB,WR,WR,TE,1,4,3,1,1580
1st,WR,WR,RB,WR,QB,WR,RB,WR,RB,1,2,4,2,1580
9th,WR,WR,QB,RB,WR,WR,RB,QB,TE,0,3,4,2,1580
6th,RB,WR,WR,QB,RB,WR,TE,RB,WR,0,3,5,1,1580
1st,RB,WR,TE,WR,WR,TE,WR,RB,QB,1,4,3,1,1580
9th,RB,WR,WR,WR,TE,RB,WR,QB,WR,1,4,3,1,1580
12th,WR,RB,RB,RB,WR,QB,QB,TE,WR,2,2,5,0,1579
1st,RB,RB,RB,TE,QB,QB,WR,WR,WR,0,0,8,1,1579
12th,RB,RB,RB,TE,QB,QB,WR,WR,WR,0,0,9,0,1579
4th,RB,WR,RB,QB,WR,TE,WR,RB,TE,1,5,3,0,1579
1st,RB,WR,WR,QB,QB,QB,WR,WR,RB,0,5,3,1,1579
12th,RB,WR,WR,WR,WR,RB,WR,QB,TE,1,4,3,1,1579
1st,WR,RB,TE,RB,WR,TE,QB,QB,QB,0,4,5,0,1579
4th,RB,RB,RB,RB,RB,WR,QB,QB,TE,0,0,7,2,1579
12th,WR,TE,RB,WR,WR,WR,QB,WR,RB,1,5,2,1,1579
9th,RB,RB,RB,RB,RB,WR,QB,QB,TE,1,0,7,1,1579
4th,RB,WR,WR,QB,TE,QB,WR,WR,TE,0,6,3,0,1579
1st,WR,RB,WR,QB,WR,RB,RB,WR,RB,1,1,4,3,1579
9th,WR,WR,RB,QB,WR,WR,WR,RB,RB,1,2,3,3,1579
6th,RB,RB,WR,QB,TE,WR,WR,TE,WR,1,2,5,1,1579
1st,RB,WR,QB,WR,RB,WR,RB,TE,WR,1,3,4,1,1579
4th,RB,RB,WR,WR,WR,WR,RB,WR,RB,3,2,1,3,1579
1st,WR,WR,RB,QB,WR,RB,RB,WR,RB,1,1,4,3,1579
12th,WR,WR,QB,WR,WR,QB,TE,RB,TE,0,5,4,0,1579
1st,WR,RB,RB,RB,QB,WR,WR,QB,WR,0,2,4,3,1579
12th,RB,RB,RB,RB,RB,WR,QB,WR,QB,0,0,6,3,1579
4th,WR,RB,WR,RB,QB,WR,WR,TE,WR,2,2,3,2,1579
9th,RB,WR,WR,WR,QB,TE,WR,QB,TE,0,6,3,0,1579
12th,RB,RB,WR,WR,TE,QB,WR,TE,WR,1,3,5,0,1579
1st,RB,TE,WR,RB,WR,WR,WR,TE,QB,2,3,3,1,1579
12th,WR,RB,RB,WR,QB,WR,QB,QB,TE,1,3,3,2,1579
9th,RB,WR,WR,WR,TE,WR,TE,QB,QB,0,6,3,0,1579
4th,RB,WR,TE,TE,QB,QB,WR,WR,WR,0,4,5,0,1579
12th,WR,WR,RB,RB,QB,QB,TE,TE,RB,0,4,5,0,1578
1st,RB,WR,RB,RB,RB,WR,TE,QB,WR,1,1,5,2,1578
9th,RB,RB,WR,WR,WR,WR,TE,QB,RB,1,2,4,2,1578
12th,RB,RB,WR,WR,TE,TE,TE,QB,QB,0,3,6,0,1578
1st,RB,WR,QB,RB,TE,WR,WR,RB,RB,1,2,5,1,1578
1st,WR,WR,RB,WR,WR,QB,TE,WR,RB,1,5,2,1,1578
12th,WR,WR,WR,RB,QB,TE,RB,RB,QB,0,3,4,2,1578
12th,RB,RB,WR,WR,QB,QB,TE,TE,WR,0,4,5,0,1578
12th,WR,WR,WR,QB,TE,QB,TE,WR,WR,0,7,2,0,1578
12th,WR,RB,QB,WR,QB,TE,RB,WR,RB,0,2,5,2,1578
9th,RB,WR,QB,RB,WR,WR,WR,WR,QB,1,4,2,2,1578
4th,RB,WR,QB,QB,TE,TE,WR,WR,WR,0,6,3,0,1578
6th,WR,WR,WR,TE,WR,QB,WR,QB,TE,0,9,0,0,1578
4th,RB,WR,WR,QB,TE,RB,WR,WR,WR,1,4,3,1,1578
12th,WR,WR,WR,QB,RB,WR,RB,RB,RB,0,2,4,3,1578
9th,WR,WR,WR,QB,WR,WR,QB,QB,WR,0,5,2,2,1578
6th,RB,RB,WR,WR,WR,WR,RB,WR,QB,1,2,3,3,1578
9th,RB,WR,WR,QB,RB,WR,TE,RB,WR,0,3,5,1,1578
1st,WR,RB,WR,QB,RB,RB,RB,TE,QB,1,4,4,0,1578
4th,RB,WR,WR,WR,RB,QB,QB,RB,WR,1,2,4,2,1578
9th,RB,RB,RB,RB,TE,QB,TE,QB,WR,0,0,9,0,1578
12th,RB,RB,WR,WR,WR,QB,RB,TE,WR,2,2,3,2,1578
12th,RB,WR,WR,WR,QB,WR,WR,WR,TE,1,5,2,1,1578
6th,WR,RB,WR,WR,QB,TE,WR,QB,WR,0,4,3,2,1578
4th,RB,WR,WR,QB,QB,QB,WR,WR,RB,0,5,3,1,1578
1st,WR,RB,WR,QB,TE,QB,WR,RB,RB,2,3,3,1,1578
4th,RB,RB,RB,RB,RB,WR,WR,TE,TE,3,0,6,0,1578
12th,RB,RB,WR,QB,TE,QB,TE,WR,WR,0,2,7,0,1578
9th,RB,WR,WR,QB,WR,QB,RB,TE,QB,1,4,4,0,1578
4th,WR,RB,RB,QB,QB,RB,WR,QB,TE,0,3,5,1,1578
9th,RB,RB,RB,TE,QB,QB,WR,WR,WR,0,0,8,1,1578
1st,RB,RB,RB,RB,TE,QB,TE,QB,WR,0,0,9,0,1578
1st,WR,WR,WR,RB,RB,RB,QB,RB,RB,2,1,5,1,1578
12th,WR,TE,RB,WR,WR,QB,QB,RB,WR,0,4,3,2,1578
4th,RB,TE,WR,TE,QB,WR,TE,QB,WR,0,5,4,0,1578
1st,TE,WR,RB,RB,WR,RB,WR,QB,QB,1,2,5,1,1578
4th,RB,RB,RB,QB,WR,WR,WR,WR,WR,2,0,5,2,1578
4th,RB,TE,WR,QB,RB,QB,RB,QB,RB,0,3,5,1,1578
4th,RB,WR,WR,RB,QB,QB,RB,QB,WR,0,2,5,2,1578
9th,RB,WR,RB,WR,WR,QB,TE,QB,TE,2,4,3,0,1578
1st,WR,WR,RB,RB,QB,QB,TE,TE,RB,0,4,5,0,1577
12th,RB,WR,WR,WR,WR,TE,WR,QB,WR,1,5,2,1,1577
1st,WR,WR,WR,WR,QB,TE,QB,WR,TE,0,9,0,0,1577
1st,WR,RB,RB,RB,RB,QB,QB,TE,TE,0,0,9,0,1577
1st,WR,RB,TE,WR,TE,WR,QB,TE,QB,0,4,5,0,1577
4th,WR,WR,RB,RB,QB,QB,RB,WR,TE,0,4,5,0,1577
4th,RB,WR,RB,QB,QB,WR,RB,RB,WR,2,0,5,2,1577
6th,WR,WR,WR,QB,RB,WR,RB,RB,RB,0,2,4,3,1577
4th,WR,WR,WR,WR,WR,RB,QB,QB,TE,0,7,1,1,1577
4th,RB,WR,WR,WR,WR,WR,RB,QB,TE,1,4,3,1,1577
9th,RB,WR,TE,TE,QB,QB,RB,RB,RB,0,1,8,0,1577
1st,WR,RB,RB,RB,QB,QB,TE,TE,RB,0,0,9,0,1577
4th,RB,RB,RB,RB,RB,QB,QB,QB,TE,0,0,8,1,1577
4th,RB,RB,WR,WR,WR,RB,QB,RB,RB,2,1,4,2,1577
12th,RB,RB,WR,QB,WR,WR,RB,WR,RB,1,1,4,3,1577
1st,RB,WR,RB,TE,WR,TE,WR,QB,RB,1,5,3,0,1577
4th,RB,WR,RB,QB,WR,WR,RB,TE,QB,0,3,4,2,1577
1st,RB,RB,RB,TE,TE,QB,QB,WR,WR,0,0,9,0,1577
12th,WR,WR,RB,WR,QB,WR,RB,WR,RB,1,2,4,2,1577
4th,TE,WR,WR,WR,QB,RB,RB,RB,QB,0,3,6,0,1577
4th,RB,RB,RB,RB,RB,WR,QB,QB,TE,0,1,7,1,1577
1st,WR,WR,QB,WR,QB,RB,RB,TE,RB,1,3,3,2,1577
4th,RB,WR,WR,QB,TE,TE,RB,QB,WR,2,2,5,0,1577
6th,WR,WR,RB,RB,QB,QB,TE,TE,RB,0,4,5,0,1577
1st,RB,WR,RB,WR,TE,WR,WR,WR,QB,2,5,1,1,1577
6th,WR,RB,WR,TE,TE,QB,WR,WR,QB,0,6,3,0,1577
12th,RB,WR,WR,WR,WR,WR,QB,WR,TE,1,5,2,1,1577
6th,WR,WR,WR,WR,WR,WR,TE,RB,QB,1,5,1,2,1577
12th,RB,RB,WR,TE,WR,WR,RB,TE,QB,2,2,5,0,1577
1st,RB,RB,RB,WR,WR,QB,WR,TE,RB,2,3,3,1,1577
9th,RB,WR,QB,WR,RB,WR,RB,TE,WR,1,3,4,1,1577
12th,WR,RB,QB,WR,WR,WR,QB,WR,TE,1,4,3,1,1577
4th,RB,WR,QB,QB,TE,TE,WR,RB,WR,0,4,5,0,1577
6th,RB,RB,RB,WR,WR,WR,TE,TE,QB,1,3,5,0,1577
4th,RB,WR,WR,QB,WR,RB,TE,RB,WR,1,3,5,0,1577
4th,RB,WR,WR,TE,WR,QB,WR,TE,QB,0,6,3,0,1577
9th,RB,WR,WR,WR,TE,WR,WR,QB,WR,1,5,2,1,1577
4th,TE,RB,WR,QB,QB,WR,WR,TE,WR,1,4,4,0,1577
12th,WR,WR,RB,TE,WR,WR,RB,QB,WR,1,2,4,2,1577
9th,RB,WR,WR,TE,WR,WR,RB,QB,WR,1,4,3,1,1576
12th,WR,RB,RB,TE,QB,WR,WR,QB,TE,1,2,4,2,1576
4th,WR,RB,WR,RB,QB,TE,TE,WR,WR,0,4,5,0,1576
1st,RB,WR,RB,WR,WR,QB,TE,RB,WR,1,4,4,0,1576
12th,WR,WR,QB,RB,TE,WR,WR,RB,QB,1,3,4,1,1576
9th,WR,WR,TE,QB,WR,RB,QB,TE,RB,0,3,5,1,1576
9th,RB,WR,WR,TE,QB,WR,RB,WR,WR,1,4,3,1,1576
4th,WR,RB,TE,QB,QB,QB,RB,WR,RB,0,3,5,1,1576
1st,WR,QB,RB,RB,TE,RB,WR,QB,WR,0,3,5,1,1576
1st,RB,WR,QB,TE,QB,RB,QB,WR,WR,0,4,4,1,1576
4th,RB,WR,WR,QB,RB,WR,TE,RB,WR,0,3,5,1,1576
12th,RB,WR,WR,WR,TE,QB,WR,WR,WR,1,4,3,1,1576
4th,WR,TE,WR,TE,WR,WR,QB,QB,RB,1,5,3,0,1576
12th,WR,WR,TE,WR,TE,RB,QB,RB,WR,2,3,4,0,1576
4th,WR,TE,WR,QB,RB,RB,QB,QB,RB,0,3,5,1,1576
6th,RB,RB,TE,QB,RB,TE,RB,RB,QB,0,0,9,0,1576
12th,RB,WR,WR,WR,QB,WR,WR,TE,QB,0,6,2,1,1576
1st,RB,TE,WR,RB,WR,QB,TE,QB,RB,1,1,5,2,1576
4th,RB,RB,WR,WR,WR,WR,TE,QB,TE,1,3,5,0,1576
12th,WR,WR,WR,WR,WR,RB,RB,RB,RB,3,2,1,3,1576
6th,WR,WR,RB,QB,WR,RB,RB,WR,RB,1,1,4,3,1576
12th,WR,WR,WR,QB,WR,WR,QB,QB,WR,0,5,2,2,1576
1st,WR,WR,WR,RB,RB,TE,WR,WR,QB,1,3,3,2,1576
1st,WR,WR,WR,TE,WR,WR,WR,QB,QB,1,4,4,0,1576
9th,RB,WR,WR,TE,WR,RB,WR,QB,WR,1,4,3,1,1576
1st,RB,RB,WR,WR,WR,TE,QB,RB,WR,1,2,4,2,1576
12th,WR,RB,WR,WR,QB,QB,TE,QB,TE,0,5,3,1,1576
1st,WR,RB,WR,WR,QB,TE,WR,QB,WR,0,4,3,2,1576
4th,WR,RB,TE,QB,WR,TE,WR,QB,WR,1,5,2,1,1576
9th,RB,WR,WR,RB,QB,WR,QB,TE,RB,0,3,5,1,1575
4th,RB,TE,WR,QB,WR,QB,QB,RB,RB,0,4,4,1,1575
4th,RB,RB,RB,WR,TE,WR,QB,WR,WR,2,0,5,2,1575
1st,RB,RB,RB,RB,RB,WR,QB,QB,TE,0,0,6,3,1575
12th,RB,WR,TE,TE,QB,QB,WR,WR,WR,0,4,5,0,1575
9th,RB,WR,RB,RB,RB,WR,TE,QB,WR,1,1,5,2,1575
4th,WR,WR,RB,RB,RB,QB,QB,WR,RB,0,3,3,3,1575
9th,RB,WR,WR,WR,TE,QB,QB,TE,WR,0,6,3,0,1575
12th,RB,WR,TE,WR,QB,QB,WR,TE,WR,0,6,3,0,1575
4th,RB,RB,WR,QB,QB,WR,WR,TE,WR,1,3,5,0,1575
4th,RB,QB,WR,TE,WR,RB,QB,RB,TE,0,2,7,0,1575
9th,WR,WR,WR,WR,WR,RB,QB,QB,TE,0,4,4,1,1575
4th,WR,WR,RB,WR,WR,TE,QB,QB,WR,0,5,3,1,1575
1st,WR,WR,RB,RB,TE,QB,TE,WR,QB,1,4,4,0,1575
9th,RB,WR,WR,WR,WR,TE,WR,QB,WR,1,5,2,1,1575
12th,RB,WR,WR,WR,WR,QB,TE,QB,TE,0,6,3,0,1575
9th,WR,RB,QB,QB,WR,WR,TE,TE,WR,1,4,3,1,1575
4th,WR,RB,TE,WR,WR,RB,QB,WR,RB,1,3,4,1,1575
9th,RB,WR,WR,QB,WR,TE,QB,WR,TE,1,4,3,1,1575
1st,WR,RB,WR,QB,TE,RB,WR,RB,RB,0,2,5,2,1575
12th,RB,WR,RB,QB,WR,WR,WR,RB,WR,1,2,3,3,1575
4th,WR,RB,QB,WR,WR,TE,RB,TE,RB,0,3,6,0,1575
12th,RB,RB,QB,TE,TE,WR,WR,RB,WR,1,2,5,1,1575
9th,RB,RB,WR,WR,WR,WR,QB,QB,TE,0,2,5,2,1575
4th,RB,TE,RB,QB,WR,WR,WR,QB,WR,1,4,2,2,1575
12th,WR,WR,WR,TE,RB,RB,RB,QB,RB,1,4,3,1,1575
1st,RB,RB,WR,WR,QB,QB,WR,WR,WR,0,3,3,3,1575
1st,RB,WR,QB,QB,TE,WR,RB,TE,WR,0,3,5,1,1575
4th,WR,WR,WR,QB,WR,WR,TE,TE,QB,0,9,0,0,1575
4th,WR,RB,WR,QB,RB,TE,RB,QB,TE,0,5,3,1,1575
12th,WR,WR,RB,TE,WR,RB,RB,QB,QB,1,5,2,1,1575
12th,WR,WR,QB,RB,WR,RB,RB,RB,TE,2,2,4,1,1575
12th,RB,RB,TE,WR,WR,QB,WR,RB,WR,1,3,3,2,1575
1st,RB,WR,WR,QB,TE,RB,WR,WR,WR,1,4,3,1,1575
4th,WR,WR,WR,WR,WR,QB,RB,RB,WR,1,5,1,2,1575
4th,RB,RB,RB,WR,WR,QB,WR,WR,QB,0,0,6,3,1575
9th,RB,WR,WR,WR,WR,QB,QB,RB,QB,1,3,3,2,1575
4th,RB,RB,RB,WR,TE,WR,QB,TE,WR,2,3,4,0,1574
6th,WR,WR,WR,WR,WR,RB,RB,RB,RB,3,2,1,3,1574
1st,WR,RB,RB,QB,TE,QB,WR,RB,TE,1,3,5,0,1574
12th,WR,WR,RB,WR,TE,TE,QB,RB,QB,0,3,5,1,1574
6th,RB,WR,TE,WR,QB,QB,WR,TE,WR,0,6,3,0,1574
12th,RB,WR,WR,TE,QB,WR,RB,WR,WR,1,4,3,1,1574
9th,WR,RB,RB,QB,WR,WR,RB,RB,WR,1,2,3,3,1574
12th,WR,TE,RB,RB,QB,QB,WR,WR,WR,1,4,4,0,1574
4th,WR,RB,WR,WR,TE,RB,QB,QB,QB,0,3,4,2,1574
12th,RB,WR,QB,WR,TE,RB,RB,QB,WR,1,2,5,1,1574
9th,WR,RB,TE,WR,WR,QB,WR,TE,QB,1,4,4,0,1574
1st,WR,WR,RB,RB,RB,QB,QB,WR,RB,0,3,3,3,1574
4th,RB,RB,RB,QB,WR,TE,RB,RB,WR,2,1,4,2,1574
12th,WR,WR,QB,TE,WR,WR,WR,QB,RB,1,5,3,0,1574
6th,WR,WR,WR,WR,WR,WR,TE,TE,WR,3,6,0,0,1574
6th,RB,RB,WR,WR,TE,QB,TE,RB,WR,0,3,6,0,1574
1st,QB,WR,RB,TE,WR,WR,RB,QB,TE,0,4,4,1,1574
1st,RB,TE,WR,QB,WR,WR,TE,RB,WR,1,4,3,1,1574
6th,RB,WR,RB,QB,WR,WR,WR,RB,WR,1,2,3,3,1574
1st,RB,RB,RB,WR,QB,WR,WR,WR,RB,1,0,5,3,1574
4th,RB,WR,WR,QB,RB,TE,QB,QB,TE,0,2,5,2,1574
12th,WR,RB,QB,WR,WR,TE,RB,TE,RB,0,3,6,0,1574
12th,WR,TE,QB,WR,WR,WR,QB,RB,RB,1,4,4,0,1574
6th,WR,WR,QB,RB,WR,RB,RB,RB,TE,2,2,4,1,1574
6th,RB,RB,WR,WR,QB,TE,TE,RB,WR,0,3,6,0,1574
1st,RB,WR,TE,QB,TE,QB,WR,WR,WR,0,6,3,0,1573
12th,WR,TE,WR,RB,WR,QB,WR,RB,WR,1,3,4,1,1573
1st,RB,TE,RB,TE,TE,WR,QB,WR,QB,0,4,5,0,1573
6th,WR,WR,WR,RB,QB,RB,RB,RB,WR,1,1,4,3,1573
4th,RB,WR,WR,QB,WR,TE,TE,RB,WR,2,5,1,1,1573
4th,WR,RB,RB,WR,QB,WR,RB,WR,TE,1,4,2,2,1573
12th,RB,RB,TE,WR,QB,WR,RB,QB,QB,0,5,4,0,1573
1st,WR,RB,RB,QB,QB,RB,RB,WR,QB,0,2,5,2,1573
1st,RB,WR,TE,TE,TE,RB,QB,QB,RB,0,4,5,0,1573
4th,WR,RB,TE,RB,WR,TE,QB,QB,QB,0,4,5,0,1573
9th,RB,WR,RB,WR,WR,TE,WR,QB,RB,1,2,4,2,1573
6th,WR,QB,RB,RB,TE,RB,WR,QB,WR,0,3,5,1,1573
4th,RB,WR,TE,TE,QB,QB,RB,RB,RB,0,1,8,0,1573
12th,RB,WR,WR,WR,TE,RB,WR,QB,WR,1,4,3,1,1573
12th,RB,WR,WR,RB,WR,RB,WR,QB,QB,0,3,3,3,1573
4th,RB,RB,WR,QB,WR,QB,TE,TE,QB,1,4,4,0,1573
9th,RB,RB,RB,TE,QB,QB,WR,WR,WR,0,0,9,0,1573
1st,RB,RB,WR,RB,RB,WR,TE,QB,QB,2,1,5,1,1573
4th,RB,RB,WR,WR,QB,RB,TE,WR,RB,2,3,3,1,1573
1st,WR,WR,QB,RB,WR,RB,RB,RB,TE,2,2,4,1,1573
12th,WR,RB,QB,WR,TE,RB,QB,WR,QB,0,4,4,1,1573
9th,RB,WR,WR,QB,TE,WR,RB,WR,RB,1,3,5,0,1573
9th,RB,RB,WR,WR,WR,WR,RB,WR,RB,3,2,1,3,1573
12th,WR,RB,WR,QB,TE,RB,WR,RB,RB,0,2,5,2,1573
12th,WR,WR,QB,WR,RB,WR,WR,RB,WR,1,5,1,2,1573
4th,RB,WR,WR,WR,TE,QB,WR,WR,WR,1,4,3,1,1573
9th,WR,WR,WR,QB,RB,RB,TE,TE,RB,1,4,4,0,1573
4th,RB,TE,WR,QB,WR,TE,RB,TE,RB,2,2,5,0,1572
4th,RB,WR,WR,WR,QB,RB,RB,RB,QB,0,4,3,2,1572
12th,RB,WR,TE,RB,WR,RB,WR,QB,RB,1,4,4,0,1572
4th,WR,RB,RB,WR,QB,TE,QB,RB,RB,2,2,5,0,1572
9th,WR,WR,QB,WR,RB,RB,TE,WR,RB,1,3,3,2,1572
1st,WR,WR,WR,QB,TE,RB,RB,RB,RB,0,0,9,0,1572
4th,WR,RB,WR,QB,TE,TE,WR,RB,QB,0,5,3,1,1572
9th,RB,WR,TE,RB,WR,QB,WR,QB,WR,2,2,3,2,1572
4th,RB,WR,WR,RB,TE,TE,QB,QB,WR,0,4,5,0,1572
12th,WR,WR,WR,RB,TE,WR,RB,RB,QB,2,4,3,0,1572
9th,WR,RB,WR,TE,TE,QB,WR,WR,QB,0,6,3,0,1572
9th,WR,WR,QB,QB,TE,WR,RB,WR,QB,0,5,3,1,1572
12th,WR,WR,RB,WR,RB,QB,RB,QB,QB,0,2,5,2,1572
9th,RB,WR,RB,QB,WR,WR,WR,TE,QB,0,5,2,2,1572
9th,RB,WR,QB,RB,RB,QB,WR,WR,TE,0,5,3,1,1572
4th,WR,WR,QB,QB,RB,TE,RB,RB,RB,0,3,5,1,1572
12th,WR,RB,WR,QB,WR,RB,RB,QB,QB,1,3,3,2,1572
12th,WR,WR,RB,RB,WR,WR,QB,TE,RB,1,2,4,2,1572
4th,WR,WR,RB,RB,TE,WR,QB,RB,WR,1,2,5,1,1572
12th,RB,RB,RB,WR,WR,QB,WR,TE,RB,2,3,3,1,1572
9th,RB,RB,WR,WR,WR,QB,WR,WR,RB,2,1,4,2,1572
4th,RB,WR,WR,QB,WR,WR,WR,TE,QB,2,3,2,2,1572
6th,RB,RB,RB,RB,RB,QB,QB,QB,TE,0,0,8,1,1572
1st,RB,WR,RB,QB,WR,RB,TE,TE,WR,0,2,7,0,1572
4th,WR,RB,WR,QB,QB,TE,RB,WR,WR,2,3,2,2,1572
1st,WR,WR,WR,RB,RB,QB,WR,RB,TE,0,4,4,1,1572
12th,RB,WR,QB,WR,RB,WR,RB,TE,WR,1,3,4,1,1571
4th,RB,QB,WR,RB,QB,TE,QB,RB,WR,0,4,4,1,1571
4th,WR,TE,WR,WR,QB,RB,RB,TE,TE,1,5,3,0,1571
12th,RB,RB,TE,WR,WR,QB,WR,RB,WR,1,3,4,1,1571
1st,RB,RB,TE,WR,WR,TE,QB,QB,TE,1,3,5,0,1571
4th,WR,RB,RB,TE,QB,WR,RB,WR,WR,2,5,2,0,1571
4th,RB,WR,TE,QB,TE,QB,WR,WR,WR,0,6,3,0,1571
9th,RB,RB,WR,TE,QB,WR,WR,WR,WR,2,2,3,2,1571
6th,RB,RB,RB,WR,WR,WR,WR,QB,TE,1,2,4,2,1571
12th,WR,WR,RB,QB,WR,WR,WR,RB,RB,1,2,3,3,1571
4th,RB,WR,RB,QB,TE,RB,TE,WR,QB,1,3,5,0,1571
12th,RB,RB,RB,RB,RB,TE,TE,QB,QB,0,0,9,0,1571
12th,WR,WR,WR,WR,WR,RB,TE,QB,QB,1,5,2,1,1571
4th,TE,WR,WR,WR,QB,QB,RB,RB,RB,0,3,6,0,1571
9th,RB,WR,RB,WR,TE,QB,RB,WR,RB,0,2,6,1,1571
6th,RB,RB,WR,WR,WR,QB,RB,TE,WR,2,2,3,2,1571
9th,RB,WR,WR,TE,QB,TE,WR,QB,WR,0,6,3,0,1571
9th,RB,WR,WR,WR,WR,RB,WR,QB,RB,0,2,5,2,1571
6th,RB,WR,RB,WR,WR,TE,WR,QB,RB,1,2,4,2,1571
4th,RB,QB,WR,RB,QB,WR,RB,TE,WR,1,3,4,1,1571
4th,WR,RB,WR,TE,TE,QB,WR,WR,QB,0,6,3,0,1571
12th,WR,WR,WR,WR,WR,RB,QB,QB,TE,0,3,5,1,1571
6th,WR,RB,WR,RB,WR,QB,RB,WR,RB,0,2,4,3,1571
4th,WR,WR,WR,WR,WR,TE,TE,WR,WR,3,6,0,0,1571
9th,WR,WR,RB,WR,WR,QB,QB,WR,TE,2,4,2,1,1571
9th,RB,RB,QB,RB,WR,WR,RB,TE,WR,0,1,6,2,1570
4th,RB,RB,RB,WR,WR,WR,TE,TE,QB,1,3,5,0,1570
4th,RB,RB,RB,QB,WR,TE,WR,QB,WR,0,4,5,0,1570
4th,WR,RB,QB,RB,WR,TE,QB,WR,QB,0,4,5,0,1570
1st,RB,RB,WR,RB,WR,QB,WR,RB,TE,1,2,4,2,1570
4th,WR,RB,WR,RB,WR,QB,RB,WR,RB,0,2,4,3,1570
1st,WR,WR,WR,RB,QB,RB,RB,RB,WR,1,1,4,3,1570
1st,RB,WR,RB,WR,QB,TE,WR,QB,WR,1,3,5,0,1570
4th,RB,WR,TE,QB,WR,WR,TE,QB,WR,0,6,3,0,1570
12th,RB,RB,QB,RB,WR,WR,RB,TE,WR,0,1,6,2,1570
4th,WR,WR,WR,QB,RB,TE,TE,WR,TE,1,3,5,0,1570
1st,WR,WR,RB,RB,RB,QB,QB,WR,WR,0,2,4,3,1570
1st,WR,RB,RB,TE,TE,WR,QB,WR,QB,1,4,3,1,1570
1st,WR,RB,TE,WR,QB,WR,QB,QB,WR,0,5,2,2,1570
4th,RB,WR,RB,QB,WR,TE,TE,WR,TE,2,2,5,0,1570
4th,WR,WR,WR,TE,QB,WR,QB,WR,TE,0,4,5,0,1570
4th,RB,WR,TE,WR,RB,QB,WR,RB,RB,1,3,4,1,1570
12th,RB,WR,RB,RB,RB,WR,TE,QB,WR,1,1,5,2,1570
6th,WR,RB,WR,RB,QB,RB,TE,WR,WR,1,4,3,1,1570
12th,WR,WR,RB,RB,RB,QB,QB,WR,WR,0,2,4,3,1570
9th,RB,WR,WR,WR,TE,WR,RB,QB,WR,1,4,3,1,1570
1st,RB,RB,WR,TE,RB,RB,TE,QB,QB,1,3,4,1,1570
1st,RB,WR,RB,WR,QB,RB,WR,TE,WR,0,2,5,2,1570
4th,WR,RB,RB,WR,TE,TE,QB,WR,QB,2,2,5,0,1570
1st,TE,WR,WR,WR,TE,WR,QB,QB,WR,0,9,0,0,1570
6th,RB,WR,TE,TE,WR,QB,WR,QB,WR,0,6,3,0,1570
12th,RB,WR,WR,WR,WR,QB,TE,TE,QB,0,6,3,0,1570
12th,WR,WR,WR,TE,QB,RB,RB,RB,TE,2,4,3,0,1570
1st,RB,WR,TE,TE,QB,RB,WR,TE,RB,2,3,4,0,1570
9th,WR,RB,WR,QB,QB,RB,WR,RB,WR,0,3,3,3,1570
9th,RB,RB,TE,WR,WR,QB,WR,RB,WR,1,3,3,2,1570
12th,RB,WR,WR,WR,RB,RB,RB,QB,TE,1,1,5,2,1570
4th,RB,WR,RB,WR,TE,QB,RB,WR,RB,0,2,6,1,1570
4th,WR,RB,WR,RB,WR,QB,QB,QB,TE,1,2,4,2,1570
4th,TE,RB,RB,QB,QB,RB,RB,RB,TE,0,0,9,0,1570
12th,WR,RB,WR,RB,QB,WR,RB,WR,RB,0,2,3,4,1570
6th,WR,RB,RB,RB,RB,QB,QB,TE,TE,0,0,9,0,1570
12th,WR,RB,RB,WR,TE,QB,QB,TE,QB,1,4,4,0,1570
1st,RB,RB,QB,WR,TE,WR,QB,RB,TE,0,5,4,0,1570
9th,RB,WR,TE,QB,WR,RB,RB,WR,TE,0,5,3,1,1570
4th,WR,WR,WR,TE,QB,TE,RB,TE,RB,0,4,5,0,1570
9th,RB,WR,WR,QB,QB,TE,TE,WR,QB,0,4,5,0,1569
4th,RB,WR,QB,WR,RB,WR,RB,TE,WR,1,3,4,1,1569
9th,RB,WR,QB,QB,RB,WR,WR,RB,RB,0,1,5,3,1569
9th,RB,WR,RB,QB,TE,WR,WR,TE,WR,2,2,5,0,1569
12th,WR,RB,RB,WR,QB,WR,RB,WR,TE,1,4,2,2,1569
1st,QB,WR,WR,TE,RB,WR,WR,RB,WR,1,5,3,0,1569
12th,WR,WR,WR,TE,TE,WR,WR,WR,WR,3,6,0,0,1569
6th,RB,QB,TE,WR,WR,RB,WR,WR,RB,1,3,4,1,1569
9th,WR,RB,TE,RB,WR,QB,QB,WR,QB,0,5,4,0,1569
4th,RB,WR,TE,TE,WR,QB,WR,QB,WR,0,6,3,0,1569
6th,WR,WR,RB,QB,WR,WR,WR,RB,RB,1,2,3,3,1569
12th,RB,WR,TE,QB,WR,WR,TE,QB,WR,0,6,3,0,1569
12th,WR,RB,TE,WR,QB,RB,RB,WR,QB,0,3,5,1,1569
6th,WR,WR,WR,WR,WR,RB,RB,RB,RB,3,2,2,2,1569
6th,WR,WR,WR,WR,WR,RB,RB,RB,RB,2,2,2,3,1569
4th,RB,RB,RB,RB,TE,QB,TE,QB,WR,0,0,9,0,1569
1st,RB,QB,WR,RB,TE,QB,RB,WR,QB,0,4,5,0,1569
12th,WR,WR,RB,WR,QB,WR,TE,RB,TE,2,4,3,0,1569
9th,RB,WR,QB,QB,WR,TE,TE,WR,TE,0,3,4,2,1569
12th,WR,RB,RB,WR,QB,RB,RB,TE,RB,1,2,4,2,1569
4th,RB,RB,RB,WR,WR,WR,WR,QB,TE,1,2,4,2,1569
9th,WR,RB,RB,RB,QB,QB,TE,TE,RB,0,0,9,0,1569
1st,WR,WR,RB,RB,TE,WR,QB,RB,WR,1,2,5,1,1569
4th,RB,RB,WR,WR,WR,WR,TE,QB,RB,1,2,4,2,1569
9th,WR,WR,WR,QB,WR,RB,RB,TE,TE,0,5,3,1,1569
9th,RB,RB,QB,WR,RB,WR,WR,WR,WR,1,1,5,2,1569
12th,RB,WR,WR,TE,WR,QB,WR,TE,QB,0,6,3,0,1569
12th,TE,WR,RB,QB,WR,WR,RB,RB,WR,1,4,4,0,1569
1st,RB,WR,RB,WR,RB,WR,RB,WR,RB,3,0,3,3,1569
4th,WR,WR,RB,RB,TE,TE,QB,QB,RB,0,4,5,0,1568
9th,RB,WR,TE,WR,WR,QB,WR,RB,TE,0,3,4,2,1568
12th,WR,WR,WR,WR,WR,WR,WR,TE,TE,3,6,0,0,1568
1st,RB,RB,TE,WR,WR,QB,WR,RB,WR,1,3,3,2,1568
9th,RB,WR,WR,RB,TE,TE,QB,QB,WR,0,4,5,0,1568
6th,WR,WR,RB,RB,RB,RB,QB,RB,TE,1,0,6,2,1568
12th,RB,WR,WR,TE,WR,RB,WR,QB,WR,1,4,3,1,1568
9th,RB,WR,WR,WR,WR,WR,QB,WR,TE,1,5,2,1,1568
12th,RB,RB,QB,RB,WR,TE,WR,WR,TE,1,3,5,0,1568
1st,RB,WR,QB,WR,RB,WR,RB,TE,WR,1,3,4,1,1568
9th,RB,WR,WR,RB,WR,WR,WR,QB,RB,1,2,3,3,1568
12th,WR,RB,RB,RB,QB,WR,QB,WR,RB,2,0,5,2,1568
9th,WR,WR,RB,QB,QB,QB,WR,WR,WR,0,4,3,2,1568
12th,WR,WR,WR,WR,WR,RB,QB,RB,QB,0,4,2,3,1568
12th,RB,WR,WR,WR,TE,QB,RB,WR,WR,1,4,3,1,1568
1st,WR,RB,WR,RB,WR,QB,RB,WR,RB,0,2,4,3,1568
9th,RB,RB,RB,WR,QB,WR,WR,WR,RB,1,0,5,3,1568
1st,RB,WR,QB,TE,QB,RB,WR,WR,RB,2,2,5,0,1568
1st,RB,TE,RB,QB,WR,WR,QB,WR,QB,1,3,5,0,1568
12th,WR,WR,RB,RB,TE,TE,TE,QB,QB,0,4,5,0,1568
6th,RB,RB,RB,TE,QB,QB,WR,WR,WR,0,0,9,0,1568
4th,RB,WR,RB,WR,WR,QB,TE,RB,WR,1,4,4,0,1568
9th,RB,RB,QB,WR,WR,RB,WR,QB,QB,0,3,5,1,1568
4th,RB,TE,WR,RB,TE,WR,QB,WR,WR,1,3,5,0,1568
9th,RB,WR,WR,RB,WR,WR,QB,WR,RB,2,4,2,1,1568
6th,RB,WR,QB,QB,RB,WR,WR,RB,RB,0,1,5,3,1568
4th,RB,RB,RB,RB,RB,WR,QB,WR,QB,0,0,6,3,1568
9th,RB,WR,TE,WR,QB,WR,RB,WR,WR,1,3,5,0,1568
6th,RB,RB,RB,RB,RB,TE,TE,QB,QB,0,0,9,0,1568
12th,TE,RB,RB,QB,QB,RB,RB,RB,TE,0,0,9,0,1568
6th,RB,WR,RB,WR,WR,QB,TE,RB,WR,1,4,4,0,1568
9th,RB,WR,WR,TE,TE,QB,RB,QB,RB,1,3,4,1,1567
12th,WR,WR,QB,RB,TE,WR,RB,WR,RB,1,3,5,0,1567
12th,WR,QB,WR,RB,TE,RB,QB,QB,WR,0,5,3,1,1567
6th,RB,RB,RB,TE,WR,WR,TE,QB,QB,0,0,9,0,1567
9th,RB,WR,WR,QB,WR,TE,RB,TE,RB,2,4,2,1,1567
12th,RB,WR,RB,QB,WR,WR,RB,TE,QB,0,3,4,2,1567
6th,TE,RB,RB,WR,WR,WR,QB,RB,RB,2,2,5,0,1567
4th,WR,TE,WR,TE,WR,QB,RB,RB,WR,2,4,3,0,1567
4th,WR,WR,WR,WR,WR,RB,QB,QB,TE,0,5,3,1,1567
9th,WR,WR,WR,WR,WR,TE,TE,WR,WR,3,6,0,0,1567
12th,RB,QB,WR,RB,WR,TE,WR,QB,TE,0,5,3,1,1567
9th,WR,WR,WR,RB,RB,RB,QB,QB,WR,0,3,3,3,1567
12th,WR,RB,WR,TE,TE,QB,WR,WR,QB,1,5,2,1,1567
9th,RB,WR,QB,TE,RB,RB,TE,WR,QB,0,4,5,0,1567
9th,WR,WR,RB,QB,QB,QB,TE,TE,WR,0,4,4,1,1567
12th,RB,RB,RB,RB,RB,TE,TE,QB,QB,0,0,9,0,1567
1st,WR,QB,WR,RB,RB,RB,RB,RB,WR,1,0,5,3,1567
12th,WR,WR,WR,RB,TE,RB,WR,QB,QB,0,2,5,2,1567
12th,WR,TE,RB,WR,WR,TE,QB,WR,WR,1,5,3,0,1567
4th,TE,RB,RB,WR,QB,WR,WR,WR,QB,0,4,5,0,1567
12th,WR,WR,RB,WR,QB,QB,WR,QB,TE,1,5,3,0,1567
9th,RB,WR,WR,QB,TE,QB,WR,RB,WR,1,4,3,1,1567
12th,RB,RB,RB,TE,WR,RB,RB,QB,WR,1,3,5,0,1567
6th,WR,RB,WR,QB,QB,RB,WR,RB,WR,0,3,3,3,1567
9th,RB,WR,TE,WR,RB,RB,WR,WR,QB,2,1,5,1,1567
9th,WR,WR,QB,RB,RB,WR,TE,WR,RB,1,4,2,2,1567
4th,WR,RB,WR,WR,RB,TE,WR,QB,QB,1,5,2,1,1566
1st,WR,RB,WR,TE,TE,RB,QB,QB,WR,2,2,4,1,1566
6th,WR,WR,RB,RB,TE,TE,TE,QB,QB,0,4,5,0,1566
9th,WR,RB,TE,QB,RB,RB,WR,WR,WR,0,4,4,1,1566
4th,WR,WR,WR,WR,WR,WR,TE,TE,WR,3,6,0,0,1566
4th,TE,RB,RB,WR,WR,WR,QB,RB,RB,2,2,5,0,1566
9th,RB,WR,WR,WR,QB,TE,QB,TE,WR,0,6,3,0,1566
9th,RB,WR,RB,WR,RB,WR,RB,WR,QB,2,1,4,2,1566
9th,WR,WR,QB,RB,WR,RB,RB,RB,TE,2,2,4,1,1566
6th,RB,RB,RB,WR,WR,QB,WR,WR,WR,1,0,5,3,1566
4th,RB,RB,WR,WR,RB,WR,WR,QB,QB,0,1,5,3,1566
12th,RB,RB,WR,QB,WR,WR,RB,TE,TE,0,2,7,0,1566
12th,RB,WR,RB,WR,WR,QB,TE,RB,WR,1,4,4,0,1566
4th,RB,WR,WR,WR,WR,WR,TE,QB,WR,1,5,2,1,1566
4th,RB,QB,TE,WR,WR,RB,WR,WR,RB,1,3,4,1,1566
4th,WR,RB,WR,RB,QB,RB,TE,WR,WR,1,4,3,1,1566
12th,WR,WR,QB,RB,TE,QB,TE,TE,WR,0,5,4,0,1566
4th,WR,WR,RB,QB,WR,WR,WR,RB,RB,1,2,3,3,1566
4th,WR,WR,WR,RB,RB,RB,QB,QB,WR,0,3,3,3,1566
9th,WR,WR,RB,TE,WR,QB,WR,RB,RB,1,4,3,1,1566
4th,RB,RB,RB,RB,RB,QB,QB,QB,WR,0,0,7,2,1566
4th,RB,WR,WR,TE,WR,QB,WR,RB,QB,2,4,3,0,1565
9th,RB,RB,RB,WR,WR,QB,WR,TE,RB,2,3,3,1,1565
9th,WR,WR,QB,TE,WR,QB,TE,WR,TE,1,5,2,1,1565
12th,WR,WR,WR,WR,QB,TE,QB,WR,TE,0,9,0,0,1565
1st,WR,WR,RB,RB,WR,WR,WR,QB,RB,2,3,3,1,1565
12th,RB,TE,WR,QB,WR,TE,QB,WR,RB,0,5,4,0,1565
12th,WR,RB,WR,RB,QB,RB,TE,WR,WR,1,4,3,1,1565
1st,WR,WR,WR,WR,WR,WR,TE,TE,WR,3,6,0,0,1565
4th,WR,WR,WR,WR,WR,RB,QB,RB,QB,0,4,2,3,1565
9th,RB,WR,TE,WR,TE,QB,RB,WR,WR,2,3,3,1,1565
1st,RB,RB,WR,WR,WR,WR,RB,WR,RB,3,2,1,3,1565
4th,RB,TE,WR,RB,WR,TE,QB,WR,QB,2,4,3,0,1565
6th,WR,WR,TE,TE,WR,WR,WR,WR,WR,3,6,0,0,1565
12th,RB,WR,TE,QB,TE,QB,WR,WR,WR,0,6,3,0,1565
6th,RB,RB,RB,WR,WR,QB,WR,WR,QB,0,0,6,3,1565
12th,WR,TE,QB,WR,TE,WR,QB,QB,TE,0,4,5,0,1565
9th,RB,QB,TE,WR,WR,RB,WR,WR,RB,1,3,4,1,1565
4th,WR,WR,WR,WR,WR,WR,WR,TE,TE,3,6,0,0,1565
6th,TE,WR,RB,QB,WR,WR,RB,RB,WR,1,4,4,0,1565
1st,TE,RB,WR,WR,RB,QB,WR,RB,WR,1,2,5,1,1565
9th,RB,RB,WR,WR,TE,TE,QB,QB,WR,0,4,5,0,1565
12th,WR,RB,WR,QB,WR,RB,RB,WR,RB,1,1,4,3,1565
4th,WR,WR,RB,QB,WR,RB,RB,WR,RB,1,1,4,3,1565
12th,RB,RB,TE,QB,RB,TE,RB,RB,QB,0,0,9,0,1565
6th,RB,RB,RB,RB,RB,QB,QB,QB,WR,0,0,6,3,1565
4th,WR,WR,WR,WR,QB,TE,QB,QB,WR,0,4,3,2,1565
4th,RB,RB,WR,TE,QB,RB,WR,RB,WR,1,4,3,1,1565
4th,RB,WR,RB,TE,QB,WR,TE,WR,RB,0,4,4,1,1565
9th,WR,WR,RB,TE,QB,RB,RB,WR,QB,1,3,4,1,1565
1st,RB,TE,RB,WR,WR,QB,WR,RB,WR,0,4,4,1,1565
4th,RB,WR,WR,WR,TE,WR,RB,QB,WR,1,4,3,1,1565
6th,WR,WR,QB,WR,RB,RB,TE,WR,RB,0,4,4,1,1565
1st,RB,RB,WR,RB,QB,WR,TE,WR,RB,1,3,4,1,1565
12th,TE,RB,WR,TE,RB,WR,WR,QB,WR,2,4,3,0,1565
12th,WR,WR,WR,WR,QB,RB,TE,QB,RB,1,3,3,2,1565
9th,RB,WR,TE,WR,QB,RB,WR,TE,WR,1,3,5,0,1565
9th,RB,WR,TE,RB,WR,RB,QB,QB,TE,1,3,4,1,1565
12th,WR,WR,TE,RB,WR,WR,TE,QB,QB,2,4,3,0,1565
4th,WR,WR,WR,RB,QB,TE,RB,WR,WR,2,4,3,0,1565
1st,RB,WR,RB,RB,TE,TE,TE,QB,QB,1,3,5,0,1565
6th,WR,WR,WR,WR,WR,RB,RB,RB,RB,2,2,3,2,1565
9th,WR,WR,RB,RB,QB,QB,TE,TE,RB,0,4,5,0,1565
9th,WR,RB,WR,RB,WR,QB,RB,WR,RB,0,2,4,3,1565
12th,TE,WR,WR,WR,QB,QB,RB,RB,RB,0,3,6,0,1565
4th,RB,WR,RB,WR,RB,WR,RB,WR,RB,3,0,3,3,1565
12th,TE,RB,RB,WR,WR,WR,QB,RB,RB,2,2,5,0,1565
4th,RB,RB,WR,RB,QB,TE,RB,QB,WR,0,4,5,0,1565
4th,RB,RB,TE,RB,WR,WR,QB,TE,RB,1,3,5,0,1565
4th,RB,RB,RB,RB,RB,QB,QB,QB,WR,0,0,6,3,1564
9th,WR,RB,QB,WR,TE,WR,WR,WR,RB,1,4,2,2,1564
12th,RB,RB,RB,TE,QB,QB,WR,WR,WR,0,0,8,1,1564
1st,WR,RB,RB,WR,WR,WR,QB,TE,RB,0,5,2,2,1564
9th,WR,WR,QB,QB,TE,QB,RB,WR,RB,0,4,4,1,1564
4th,RB,RB,TE,WR,WR,QB,WR,RB,WR,1,3,3,2,1564
12th,RB,WR,RB,WR,WR,TE,RB,QB,TE,0,4,5,0,1564
12th,RB,WR,QB,QB,TE,TE,WR,WR,WR,0,6,3,0,1564
12th,RB,WR,WR,QB,WR,TE,WR,RB,QB,0,3,4,2,1564
9th,RB,RB,RB,WR,WR,WR,WR,QB,TE,1,2,4,2,1564
4th,RB,RB,RB,RB,RB,WR,QB,QB,TE,0,0,6,3,1564
4th,RB,WR,QB,WR,RB,WR,RB,TE,WR,1,3,4,1,1564
12th,WR,WR,QB,WR,WR,QB,TE,TE,TE,0,5,4,0,1564
4th,WR,WR,WR,WR,TE,TE,WR,WR,WR,3,6,0,0,1564
1st,WR,WR,QB,WR,RB,WR,WR,RB,WR,1,5,1,2,1564
4th,WR,WR,WR,WR,WR,RB,RB,RB,RB,3,2,2,2,1564
9th,RB,WR,WR,WR,QB,TE,RB,WR,WR,1,4,3,1,1564
9th,RB,WR,QB,WR,WR,WR,RB,WR,WR,1,2,5,1,1564
9th,WR,WR,WR,WR,WR,WR,TE,TE,WR,3,6,0,0,1564
9th,RB,WR,WR,TE,QB,WR,TE,WR,RB,2,4,2,1,1564
9th,RB,RB,TE,QB,RB,TE,RB,RB,QB,0,0,9,0,1564
9th,RB,RB,RB,RB,RB,TE,TE,QB,QB,0,0,9,0,1564
9th,RB,WR,QB,WR,WR,TE,QB,TE,RB,1,3,4,1,1564
1st,RB,WR,RB,RB,RB,WR,WR,WR,QB,2,3,2,2,1564
12th,RB,RB,WR,WR,QB,TE,TE,RB,WR,0,3,6,0,1563
12th,WR,RB,RB,WR,WR,QB,TE,WR,TE,2,4,3,0,1563
4th,RB,QB,WR,WR,QB,QB,TE,WR,RB,0,4,5,0,1563
9th,WR,RB,TE,QB,WR,RB,WR,WR,QB,1,1,5,2,1563
1st,QB,WR,WR,WR,RB,QB,TE,QB,RB,0,3,5,1,1563
4th,RB,WR,WR,TE,WR,WR,RB,QB,WR,1,4,3,1,1563
9th,WR,WR,QB,WR,QB,RB,RB,TE,RB,1,3,3,2,1563
9th,WR,RB,RB,QB,WR,TE,WR,TE,TE,1,3,5,0,1563
1st,RB,RB,RB,QB,WR,WR,WR,WR,WR,2,0,5,2,1563
12th,TE,WR,WR,WR,TE,WR,QB,QB,WR,0,9,0,0,1563
4th,RB,WR,TE,WR,QB,QB,WR,WR,TE,1,4,3,1,1563
4th,RB,RB,RB,WR,WR,QB,WR,TE,RB,2,3,3,1,1563
12th,RB,WR,WR,QB,TE,WR,RB,WR,WR,1,4,3,1,1563
4th,WR,WR,WR,RB,TE,RB,QB,RB,QB,0,4,4,1,1563
1st,WR,RB,RB,WR,QB,RB,RB,TE,RB,1,2,4,2,1563
12th,RB,WR,WR,QB,WR,WR,RB,WR,TE,1,4,3,1,1563
9th,RB,RB,TE,QB,QB,RB,WR,WR,QB,0,4,5,0,1563
9th,WR,WR,WR,WR,WR,WR,WR,TE,TE,3,6,0,0,1563
4th,TE,RB,WR,WR,RB,QB,WR,RB,WR,1,2,5,1,1563
12th,RB,QB,WR,TE,WR,RB,QB,RB,TE,0,2,7,0,1563
12th,RB,WR,RB,QB,WR,RB,QB,WR,TE,0,4,3,2,1563
6th,RB,WR,RB,WR,QB,RB,WR,TE,WR,0,2,5,2,1563
1st,RB,WR,WR,RB,RB,QB,WR,TE,RB,0,5,4,0,1563
9th,RB,WR,RB,QB,RB,WR,WR,RB,WR,0,3,4,2,1563
12th,RB,WR,WR,WR,QB,TE,RB,WR,WR,1,4,3,1,1563
9th,RB,WR,WR,TE,RB,QB,RB,RB,WR,0,2,5,2,1563
6th,TE,WR,WR,WR,QB,RB,RB,RB,QB,0,3,6,0,1563
9th,WR,WR,RB,WR,QB,WR,RB,WR,RB,1,2,4,2,1563
4th,RB,RB,RB,RB,RB,TE,TE,QB,QB,0,0,9,0,1563
9th,RB,RB,RB,TE,TE,QB,QB,WR,WR,0,0,9,0,1563
12th,WR,WR,WR,WR,QB,RB,TE,RB,RB,1,4,4,0,1562
6th,WR,TE,QB,RB,WR,RB,QB,WR,RB,1,4,4,0,1562
12th,RB,RB,RB,WR,WR,WR,WR,TE,QB,1,2,4,2,1562
1st,TE,RB,RB,WR,WR,WR,QB,RB,RB,2,2,5,0,1562
9th,RB,RB,QB,QB,WR,RB,TE,WR,RB,2,2,5,0,1562
12th,TE,WR,WR,RB,RB,QB,RB,QB,WR,1,4,4,0,1562
4th,WR,RB,TE,QB,RB,QB,RB,QB,WR,0,5,4,0,1562
9th,TE,RB,QB,RB,WR,RB,WR,WR,RB,1,3,4,1,1562
6th,TE,RB,RB,QB,QB,RB,RB,RB,TE,0,0,9,0,1562
4th,WR,RB,RB,QB,WR,QB,RB,WR,WR,2,1,5,1,1562
12th,RB,WR,QB,QB,RB,WR,WR,RB,RB,0,1,5,3,1562
12th,RB,WR,WR,TE,WR,WR,TE,QB,QB,0,6,3,0,1562
9th,RB,RB,WR,WR,RB,WR,WR,QB,QB,0,1,5,3,1562
4th,RB,WR,WR,TE,TE,QB,WR,WR,WR,1,4,2,2,1562
4th,RB,WR,WR,WR,WR,TE,QB,WR,WR,0,3,5,1,1562
9th,RB,WR,TE,WR,QB,TE,WR,WR,QB,0,6,3,0,1562
12th,WR,WR,TE,RB,WR,RB,QB,QB,TE,2,4,3,0,1562
12th,WR,RB,QB,TE,TE,TE,RB,RB,QB,0,3,5,1,1562
1st,WR,RB,RB,RB,QB,QB,WR,TE,WR,0,2,5,2,1562
12th,WR,TE,RB,TE,QB,WR,WR,RB,RB,2,2,5,0,1562
4th,WR,WR,RB,RB,WR,WR,QB,TE,RB,1,2,4,2,1562
12th,WR,RB,RB,RB,QB,RB,WR,QB,QB,0,4,4,1,1562
1st,WR,WR,WR,TE,TE,WR,WR,WR,WR,3,6,0,0,1562
1st,WR,TE,QB,RB,WR,RB,QB,WR,RB,1,4,4,0,1562
12th,RB,WR,QB,WR,RB,WR,RB,TE,WR,1,3,4,1,1562
12th,RB,QB,WR,WR,WR,WR,TE,TE,WR,1,5,3,0,1562
1st,RB,WR,QB,TE,WR,WR,TE,RB,TE,2,4,2,1,1562
9th,WR,RB,WR,WR,QB,WR,TE,QB,RB,0,5,2,2,1562
6th,RB,WR,RB,RB,WR,WR,WR,TE,QB,1,1,5,2,1562
9th,RB,RB,WR,RB,WR,WR,QB,RB,QB,1,1,5,2,1562
12th,WR,QB,TE,WR,WR,WR,RB,RB,QB,1,5,2,1,1561
4th,WR,WR,RB,WR,QB,WR,TE,WR,RB,0,3,4,2,1561
9th,WR,WR,WR,WR,WR,RB,RB,RB,RB,2,2,3,2,1561
9th,RB,WR,QB,TE,QB,RB,WR,WR,RB,2,2,5,0,1561
9th,WR,RB,RB,RB,QB,WR,WR,QB,WR,0,2,4,3,1561
12th,RB,WR,WR,TE,WR,QB,RB,WR,WR,1,4,3,1,1561
9th,RB,WR,WR,WR,RB,RB,RB,QB,TE,1,1,5,2,1561
9th,TE,WR,QB,RB,WR,RB,RB,WR,RB,1,3,5,0,1561
4th,WR,WR,RB,WR,RB,TE,QB,RB,QB,1,2,5,1,1561
12th,RB,RB,WR,WR,WR,WR,RB,WR,QB,1,2,3,3,1561
4th,RB,WR,RB,QB,WR,RB,TE,TE,WR,0,2,7,0,1561
9th,RB,RB,WR,TE,RB,QB,WR,WR,QB,1,3,5,0,1561
4th,RB,WR,TE,TE,QB,WR,WR,QB,WR,0,6,3,0,1561
4th,WR,RB,WR,RB,RB,QB,WR,QB,TE,1,3,4,1,1561
12th,TE,RB,RB,WR,QB,WR,WR,WR,QB,0,4,5,0,1561
12th,WR,RB,QB,WR,WR,TE,TE,RB,TE,0,5,4,0,1561
6th,RB,RB,TE,WR,WR,QB,WR,RB,WR,1,2,5,1,1561
12th,RB,WR,RB,RB,QB,WR,RB,QB,QB,0,4,3,2,1561
9th,WR,RB,TE,WR,TE,WR,QB,QB,WR,0,5,4,0,1561
12th,RB,WR,RB,QB,WR,WR,WR,RB,QB,0,2,4,3,1561
4th,RB,RB,QB,RB,WR,WR,RB,TE,WR,0,1,6,2,1561
4th,WR,RB,RB,WR,QB,RB,RB,TE,RB,1,2,4,2,1561
9th,TE,WR,WR,QB,WR,RB,QB,QB,WR,0,5,4,0,1561
4th,WR,WR,QB,QB,RB,RB,WR,TE,RB,0,3,5,1,1561
12th,RB,QB,RB,QB,WR,TE,WR,TE,WR,0,5,4,0,1560
9th,RB,QB,WR,WR,WR,WR,WR,QB,RB,0,2,5,2,1560
4th,WR,RB,RB,QB,QB,WR,TE,RB,WR,2,3,3,1,1560
4th,RB,WR,RB,QB,WR,RB,QB,WR,TE,0,4,3,2,1560
12th,RB,RB,WR,WR,WR,WR,RB,WR,RB,3,2,1,3,1560
9th,RB,WR,TE,WR,QB,RB,WR,TE,TE,1,3,4,1,1560
12th,TE,RB,WR,QB,TE,WR,WR,RB,RB,2,2,5,0,1560
9th,WR,WR,RB,QB,RB,TE,TE,QB,WR,0,3,5,1,1560
12th,RB,WR,TE,WR,QB,TE,WR,WR,QB,0,6,3,0,1560
9th,WR,RB,WR,QB,WR,TE,TE,TE,WR,2,5,2,0,1560
1st,RB,QB,TE,WR,WR,RB,WR,WR,RB,1,3,4,1,1560
1st,WR,RB,WR,RB,WR,TE,QB,RB,QB,2,1,4,2,1560
9th,RB,RB,WR,WR,TE,TE,TE,QB,QB,0,3,6,0,1560
9th,RB,WR,RB,QB,RB,QB,WR,TE,TE,0,3,4,2,1560
9th,WR,WR,QB,QB,TE,WR,TE,WR,RB,0,3,5,1,1560
4th,RB,RB,QB,TE,TE,WR,RB,RB,WR,1,3,5,0,1560
9th,WR,WR,QB,WR,RB,RB,TE,WR,RB,0,4,4,1,1560
4th,RB,RB,RB,WR,QB,RB,TE,WR,QB,0,2,5,2,1560
12th,WR,RB,QB,TE,TE,QB,WR,RB,TE,0,3,4,2,1560
4th,WR,TE,WR,WR,RB,QB,WR,QB,TE,0,5,4,0,1560
6th,WR,WR,QB,WR,QB,RB,RB,TE,RB,1,3,3,2,1560
9th,RB,WR,QB,TE,WR,TE,TE,WR,WR,0,5,4,0,1560
4th,WR,RB,WR,QB,TE,TE,WR,RB,RB,0,5,3,1,1560
6th,WR,WR,QB,RB,RB,WR,TE,WR,RB,1,4,2,2,1560
1st,RB,RB,RB,RB,RB,QB,QB,QB,WR,0,0,6,3,1560
12th,WR,WR,WR,WR,TE,TE,WR,WR,WR,3,6,0,0,1560
4th,WR,WR,WR,WR,WR,RB,QB,QB,TE,0,4,4,1,1560
1st,WR,QB,WR,TE,TE,RB,RB,WR,RB,2,3,3,1,1560
6th,WR,RB,RB,RB,QB,QB,WR,TE,WR,0,2,5,2,1559
12th,WR,WR,WR,WR,WR,WR,TE,RB,QB,1,5,1,2,1559
6th,WR,WR,QB,WR,RB,WR,WR,RB,WR,1,5,1,2,1559
12th,WR,WR,QB,RB,RB,WR,TE,WR,RB,1,4,2,2,1559
9th,WR,WR,QB,WR,RB,WR,WR,RB,WR,1,5,1,2,1559
9th,WR,RB,QB,WR,TE,RB,QB,WR,QB,0,4,4,1,1559
4th,RB,WR,QB,WR,WR,QB,WR,RB,WR,0,3,5,1,1559
1st,RB,WR,WR,RB,QB,TE,RB,QB,WR,2,2,4,1,1559
12th,QB,WR,RB,WR,WR,WR,WR,QB,RB,1,5,1,2,1559
4th,WR,WR,WR,WR,TE,WR,QB,WR,QB,0,5,3,1,1559
4th,WR,WR,WR,RB,TE,QB,WR,RB,RB,2,3,2,2,1559
9th,WR,WR,WR,QB,QB,WR,RB,QB,RB,0,2,5,2,1559
12th,RB,RB,RB,QB,WR,WR,WR,WR,WR,2,0,5,2,1559
4th,RB,WR,TE,WR,RB,QB,QB,TE,WR,0,2,5,2,1559
4th,WR,WR,RB,RB,WR,TE,QB,TE,QB,0,5,4,0,1559
4th,WR,RB,TE,QB,WR,WR,WR,RB,TE,2,2,3,2,1559
4th,RB,QB,WR,RB,WR,WR,WR,TE,WR,1,2,4,2,1559
9th,RB,RB,WR,WR,WR,WR,RB,WR,QB,1,2,3,3,1559
4th,RB,TE,WR,RB,QB,TE,RB,RB,TE,1,3,5,0,1559
4th,WR,WR,QB,QB,RB,TE,QB,RB,RB,0,4,4,1,1559
9th,RB,WR,RB,WR,QB,RB,WR,TE,WR,0,2,5,2,1559
1st,TE,WR,RB,QB,WR,WR,RB,RB,WR,1,4,4,0,1559
12th,WR,WR,RB,QB,WR,RB,RB,WR,RB,1,1,4,3,1559
9th,RB,WR,RB,WR,RB,WR,RB,WR,RB,3,0,3,3,1559
9th,WR,WR,WR,RB,QB,RB,RB,RB,WR,1,1,4,3,1559
9th,WR,RB,WR,QB,TE,TE,RB,WR,RB,1,3,4,1,1559
9th,RB,RB,WR,WR,WR,TE,QB,TE,QB,0,3,6,0,1559
12th,RB,RB,WR,TE,QB,WR,WR,WR,WR,2,2,3,2,1558
9th,RB,RB,RB,WR,WR,QB,QB,QB,TE,1,2,4,2,1558
9th,RB,RB,WR,WR,WR,TE,QB,WR,QB,0,3,4,2,1558
9th,RB,TE,RB,QB,WR,QB,WR,RB,TE,1,3,5,0,1558
12th,RB,RB,WR,TE,RB,WR,QB,RB,WR,2,0,5,2,1558
4th,WR,RB,RB,QB,WR,RB,WR,QB,WR,0,4,3,2,1558
12th,RB,WR,WR,QB,TE,RB,WR,WR,WR,1,4,3,1,1558
12th,RB,WR,RB,QB,QB,WR,RB,TE,WR,1,3,3,2,1558
9th,WR,RB,QB,WR,TE,WR,RB,WR,RB,1,4,4,0,1558
1st,WR,RB,RB,WR,QB,WR,RB,WR,TE,1,4,2,2,1558
1st,WR,RB,QB,WR,WR,TE,RB,TE,RB,0,3,6,0,1558
1st,RB,WR,WR,QB,TE,RB,RB,WR,TE,0,2,5,2,1558
9th,WR,WR,QB,TE,RB,RB,RB,TE,QB,0,4,4,1,1558
9th,WR,WR,RB,RB,RB,QB,QB,WR,WR,0,2,4,3,1558
1st,RB,RB,WR,TE,QB,RB,WR,RB,WR,1,4,3,1,1558
12th,WR,WR,TE,RB,RB,QB,QB,WR,RB,1,4,3,1,1558
1st,WR,WR,RB,WR,RB,RB,WR,TE,TE,2,3,4,0,1558
1st,RB,RB,RB,TE,QB,QB,WR,WR,WR,0,0,9,0,1558
12th,RB,RB,RB,WR,WR,WR,TE,TE,QB,1,3,5,0,1558
6th,WR,RB,WR,QB,TE,RB,WR,RB,RB,0,2,5,2,1558
4th,RB,WR,QB,RB,WR,WR,WR,WR,QB,1,4,2,2,1558
9th,RB,WR,QB,RB,RB,QB,WR,TE,RB,1,1,5,2,1558
9th,WR,RB,WR,WR,QB,QB,RB,RB,TE,0,2,5,2,1558
6th,TE,RB,RB,WR,QB,WR,WR,WR,QB,0,4,5,0,1558
1st,TE,RB,RB,WR,QB,WR,WR,WR,QB,0,4,5,0,1558
9th,WR,WR,WR,WR,TE,TE,WR,WR,WR,3,6,0,0,1557
4th,WR,WR,WR,TE,WR,QB,WR,QB,TE,0,9,0,0,1557
9th,RB,WR,RB,WR,WR,QB,QB,RB,QB,1,3,3,2,1557
12th,RB,RB,WR,QB,WR,RB,WR,WR,RB,1,1,4,3,1557
1st,RB,RB,WR,WR,QB,TE,TE,RB,WR,0,3,6,0,1557
4th,WR,TE,WR,WR,RB,QB,QB,RB,WR,1,2,5,1,1557
1st,RB,TE,RB,WR,RB,WR,WR,QB,WR,2,4,3,0,1557
9th,RB,WR,RB,TE,TE,QB,RB,WR,WR,0,4,5,0,1557
4th,RB,WR,RB,RB,TE,QB,RB,TE,WR,1,1,5,2,1557
9th,RB,RB,RB,QB,WR,QB,WR,TE,TE,2,2,5,0,1557
12th,RB,WR,WR,WR,WR,QB,WR,WR,TE,1,5,2,1,1557
12th,RB,WR,WR,QB,WR,TE,WR,WR,QB,0,6,2,1,1557
1st,WR,WR,RB,QB,WR,RB,WR,TE,TE,2,3,3,1,1557
12th,TE,RB,WR,WR,RB,QB,WR,RB,WR,1,2,5,1,1557
4th,RB,WR,RB,WR,WR,TE,WR,QB,RB,1,2,4,2,1557
4th,RB,WR,RB,TE,QB,WR,QB,QB,RB,1,4,4,0,1557
9th,RB,WR,WR,WR,TE,WR,TE,QB,TE,1,4,4,0,1557
4th,RB,RB,QB,QB,WR,QB,RB,TE,TE,0,3,5,1,1557
4th,WR,TE,WR,TE,RB,WR,QB,QB,WR,1,4,4,0,1556
12th,RB,WR,RB,WR,TE,TE,WR,RB,WR,2,2,5,0,1556
9th,WR,WR,RB,RB,RB,QB,QB,WR,RB,0,3,3,3,1556
12th,WR,WR,TE,WR,TE,QB,RB,QB,QB,0,5,2,2,1556
9th,WR,WR,WR,TE,TE,WR,WR,WR,WR,3,6,0,0,1556
12th,RB,TE,WR,TE,QB,WR,QB,WR,WR,0,6,3,0,1556
4th,RB,WR,RB,WR,QB,RB,WR,TE,WR,0,2,5,2,1556
4th,TE,RB,WR,QB,RB,RB,WR,TE,WR,2,2,5,0,1556
12th,WR,WR,WR,WR,WR,RB,RB,RB,RB,2,2,3,2,1556
12th,RB,RB,RB,WR,WR,QB,WR,WR,QB,0,0,6,3,1556
9th,RB,RB,RB,RB,RB,WR,QB,QB,TE,0,1,7,1,1556
4th,RB,QB,TE,WR,RB,WR,QB,RB,RB,0,4,5,0,1556
12th,WR,WR,WR,QB,WR,WR,TE,TE,QB,0,9,0,0,1556
6th,RB,RB,RB,RB,RB,TE,TE,QB,QB,0,0,9,0,1556
1st,WR,TE,WR,QB,RB,WR,QB,RB,TE,0,5,2,2,1556
4th,RB,WR,WR,WR,TE,WR,TE,QB,QB,0,6,3,0,1556
1st,WR,QB,WR,WR,RB,TE,QB,WR,TE,0,3,5,1,1556
4th,WR,RB,TE,RB,QB,RB,RB,RB,WR,1,2,5,1,1556
1st,TE,WR,WR,TE,TE,WR,QB,RB,QB,1,5,2,1,1556
9th,RB,WR,TE,WR,WR,WR,TE,WR,WR,2,4,1,2,1556
4th,TE,WR,WR,WR,TE,WR,QB,QB,WR,0,9,0,0,1555
9th,RB,WR,WR,TE,TE,QB,QB,WR,RB,2,2,5,0,1555
9th,WR,RB,QB,WR,WR,RB,TE,QB,WR,2,2,3,2,1555
9th,RB,TE,TE,QB,WR,WR,WR,WR,WR,2,3,4,0,1555
12th,RB,WR,WR,WR,QB,RB,WR,WR,TE,1,4,3,1,1555
4th,TE,WR,WR,RB,QB,TE,RB,RB,RB,1,4,4,0,1555
1st,RB,WR,QB,QB,TE,TE,WR,WR,WR,0,6,3,0,1555
12th,WR,QB,RB,WR,TE,WR,RB,QB,QB,1,4,4,0,1555
4th,TE,WR,RB,QB,WR,WR,RB,RB,WR,1,4,4,0,1555
6th,RB,RB,WR,RB,WR,QB,WR,RB,TE,1,2,4,2,1555
12th,WR,RB,WR,RB,QB,TE,TE,WR,WR,0,4,5,0,1555
1st,RB,RB,RB,WR,WR,QB,WR,WR,WR,1,0,5,3,1555
1st,RB,TE,WR,TE,WR,WR,WR,WR,RB,2,5,2,0,1555
4th,WR,RB,WR,WR,WR,TE,WR,QB,QB,2,4,3,0,1555
9th,RB,WR,WR,WR,RB,QB,WR,WR,WR,2,0,5,2,1555
4th,RB,WR,QB,QB,RB,WR,WR,RB,RB,0,1,5,3,1555
12th,WR,TE,QB,RB,WR,RB,QB,WR,RB,1,4,4,0,1555
1st,RB,RB,WR,RB,QB,WR,WR,TE,TE,1,2,4,2,1555
6th,WR,WR,WR,RB,RB,TE,TE,WR,WR,2,4,3,0,1555
9th,RB,WR,QB,RB,TE,WR,WR,WR,TE,0,4,5,0,1555
1st,WR,WR,WR,WR,TE,TE,WR,WR,WR,3,6,0,0,1555
9th,TE,WR,RB,RB,WR,RB,WR,QB,QB,1,2,5,1,1554
9th,RB,WR,TE,WR,QB,QB,WR,WR,TE,1,4,3,1,1554
4th,RB,WR,RB,WR,TE,QB,RB,QB,WR,1,5,3,0,1554
9th,RB,RB,RB,TE,TE,QB,WR,WR,WR,1,3,5,0,1554
12th,TE,RB,TE,WR,WR,TE,QB,QB,RB,0,3,5,1,1554
9th,WR,RB,QB,WR,WR,TE,RB,TE,RB,0,3,6,0,1554
12th,WR,RB,RB,WR,TE,RB,WR,WR,WR,2,2,3,2,1554
9th,RB,WR,TE,WR,RB,RB,WR,QB,QB,2,1,5,1,1554
12th,RB,RB,RB,RB,RB,QB,QB,QB,WR,0,0,6,3,1554
9th,TE,WR,RB,QB,WR,WR,RB,RB,WR,1,4,4,0,1554
9th,WR,RB,WR,WR,QB,TE,WR,QB,WR,0,4,3,2,1554
9th,RB,WR,RB,QB,QB,TE,WR,WR,WR,1,4,4,0,1554
4th,WR,WR,WR,RB,RB,QB,WR,RB,TE,0,4,4,1,1554
9th,WR,WR,WR,QB,RB,TE,RB,WR,RB,2,1,5,1,1554
12th,WR,WR,WR,WR,QB,TE,WR,RB,TE,2,4,1,2,1554
9th,RB,RB,RB,RB,RB,QB,QB,QB,WR,0,0,7,2,1554
1st,WR,RB,WR,RB,QB,WR,RB,WR,RB,0,2,3,4,1554
1st,RB,RB,WR,TE,QB,RB,RB,WR,QB,2,2,4,1,1554
12th,TE,WR,QB,RB,WR,QB,WR,QB,WR,0,4,5,0,1554
12th,WR,WR,WR,WR,WR,RB,RB,RB,RB,3,2,2,2,1554
12th,QB,RB,WR,WR,RB,TE,WR,QB,WR,1,3,4,1,1554
4th,QB,RB,WR,QB,WR,WR,TE,RB,RB,0,4,5,0,1554
1st,QB,WR,WR,TE,TE,QB,RB,QB,RB,1,4,4,0,1554
6th,RB,RB,QB,RB,WR,WR,RB,TE,WR,0,1,6,2,1554
9th,RB,WR,RB,QB,TE,TE,RB,QB,WR,0,5,4,0,1554
4th,RB,RB,WR,WR,TE,TE,TE,QB,QB,0,3,6,0,1553
9th,RB,RB,TE,QB,WR,RB,QB,TE,RB,1,3,5,0,1553
9th,WR,WR,TE,TE,WR,WR,WR,WR,WR,3,6,0,0,1553
6th,WR,WR,WR,RB,QB,RB,WR,WR,TE,0,3,4,2,1553
4th,WR,QB,WR,RB,RB,RB,RB,RB,WR,1,0,5,3,1553
12th,WR,RB,QB,WR,QB,QB,TE,WR,WR,0,5,2,2,1553
12th,WR,WR,WR,WR,WR,WR,TE,TE,WR,3,6,0,0,1553
9th,WR,WR,WR,WR,WR,RB,QB,RB,QB,0,4,2,3,1553
4th,RB,RB,QB,WR,WR,RB,QB,RB,WR,1,3,3,2,1553
4th,RB,RB,TE,WR,QB,TE,QB,WR,TE,1,5,3,0,1553
6th,RB,RB,RB,RB,RB,WR,WR,TE,TE,3,0,6,0,1553
12th,WR,RB,WR,RB,WR,QB,RB,WR,RB,0,2,4,3,1552
9th,WR,WR,WR,WR,WR,RB,RB,RB,RB,3,2,1,3,1552
1st,QB,WR,WR,TE,TE,RB,WR,RB,RB,0,4,5,0,1552
12th,WR,WR,RB,RB,RB,QB,QB,WR,RB,0,3,3,3,1552
4th,WR,WR,RB,QB,TE,TE,WR,TE,WR,1,3,4,1,1552
12th,RB,WR,WR,QB,WR,WR,TE,WR,QB,0,6,2,1,1552
4th,RB,TE,WR,RB,WR,WR,TE,WR,WR,2,4,3,0,1552
9th,RB,RB,WR,WR,WR,TE,QB,RB,WR,1,2,4,2,1552
9th,RB,QB,WR,TE,WR,RB,QB,RB,TE,0,2,7,0,1552
9th,WR,WR,WR,WR,QB,TE,QB,WR,TE,0,9,0,0,1552
9th,WR,WR,QB,RB,RB,WR,TE,WR,RB,1,4,2,2,1552
12th,RB,RB,WR,RB,QB,WR,TE,WR,RB,1,3,4,1,1552
12th,RB,TE,RB,RB,TE,WR,WR,QB,WR,1,1,5,2,1552
9th,RB,RB,RB,RB,RB,QB,QB,QB,TE,0,0,8,1,1552
4th,RB,WR,WR,TE,WR,WR,TE,QB,QB,0,6,3,0,1552
9th,RB,RB,RB,WR,QB,RB,QB,WR,WR,1,2,5,1,1552
12th,RB,WR,QB,RB,TE,WR,WR,WR,TE,0,4,5,0,1552
1st,WR,TE,RB,RB,WR,RB,QB,RB,QB,0,5,4,0,1552
4th,WR,WR,WR,WR,WR,RB,QB,QB,TE,0,3,5,1,1552
9th,WR,RB,TE,WR,WR,RB,QB,WR,RB,1,3,4,1,1552
1st,RB,RB,WR,TE,QB,WR,WR,WR,WR,2,2,3,2,1552
9th,RB,RB,RB,TE,WR,WR,TE,QB,QB,0,0,9,0,1552
12th,WR,WR,QB,WR,QB,RB,RB,TE,RB,1,3,3,2,1551
12th,RB,WR,WR,QB,WR,RB,WR,WR,TE,1,4,3,1,1551
9th,WR,WR,WR,WR,WR,RB,RB,RB,RB,2,2,2,3,1551
9th,WR,RB,WR,RB,QB,RB,TE,WR,WR,1,4,3,1,1551
4th,WR,WR,TE,RB,TE,QB,RB,RB,RB,2,2,5,0,1551
9th,WR,WR,RB,WR,TE,QB,QB,WR,QB,1,5,3,0,1551
9th,WR,WR,WR,QB,RB,WR,RB,RB,RB,0,2,4,3,1551
4th,RB,RB,RB,RB,RB,WR,WR,TE,TE,2,0,7,0,1551
4th,WR,WR,WR,WR,WR,RB,RB,RB,RB,3,2,1,3,1551
6th,WR,QB,WR,RB,RB,RB,RB,RB,WR,1,0,5,3,1551
9th,RB,WR,WR,WR,RB,RB,TE,QB,WR,0,4,4,1,1551
9th,WR,WR,TE,WR,TE,QB,QB,TE,QB,0,5,4,0,1551
4th,WR,WR,WR,QB,RB,WR,RB,RB,RB,0,2,4,3,1551
12th,WR,WR,QB,WR,QB,TE,RB,QB,TE,1,5,2,1,1551
4th,RB,RB,RB,RB,RB,TE,TE,QB,QB,0,0,9,0,1551
1st,WR,WR,QB,RB,RB,WR,TE,WR,RB,1,4,2,2,1550
1st,WR,WR,TE,WR,WR,QB,TE,WR,TE,2,5,2,0,1550
9th,WR,WR,WR,WR,WR,RB,QB,QB,TE,0,3,5,1,1550
4th,WR,WR,WR,RB,RB,TE,TE,WR,WR,2,4,3,0,1550
9th,WR,WR,RB,WR,QB,QB,QB,TE,RB,1,5,3,0,1550
4th,WR,QB,RB,QB,WR,TE,WR,RB,WR,0,2,5,2,1550
9th,WR,WR,WR,WR,WR,RB,RB,RB,RB,3,2,2,2,1550
4th,WR,RB,WR,QB,TE,RB,WR,RB,RB,0,2,5,2,1550
12th,RB,WR,WR,TE,QB,RB,WR,WR,WR,1,4,3,1,1550
12th,WR,QB,QB,RB,QB,WR,RB,TE,TE,0,4,4,1,1550
12th,RB,WR,WR,WR,QB,WR,RB,WR,TE,1,4,3,1,1550
9th,TE,WR,WR,QB,RB,QB,WR,RB,RB,0,5,4,0,1550
1st,WR,QB,RB,TE,QB,RB,QB,RB,WR,0,3,4,2,1550
1st,RB,RB,WR,TE,WR,WR,QB,TE,WR,0,2,5,2,1550
9th,WR,WR,QB,WR,TE,TE,WR,RB,RB,1,3,5,0,1550
4th,RB,WR,WR,RB,QB,RB,RB,TE,QB,1,4,4,0,1550
4th,RB,WR,QB,RB,TE,WR,WR,WR,TE,0,4,5,0,1550
12th,RB,QB,TE,WR,WR,RB,WR,WR,RB,1,3,4,1,1550
12th,WR,TE,RB,RB,QB,TE,WR,RB,QB,0,4,4,1,1550
12th,RB,WR,RB,QB,WR,WR,TE,WR,QB,0,3,4,2,1550
4th,WR,WR,RB,RB,RB,RB,QB,RB,TE,1,0,6,2,1550
9th,RB,WR,WR,QB,WR,TE,WR,TE,TE,1,3,3,2,1550
9th,RB,WR,RB,RB,WR,RB,WR,TE,WR,2,3,4,0,1550
4th,RB,WR,QB,WR,TE,QB,RB,TE,RB,0,4,4,1,1549
12th,WR,QB,WR,RB,RB,WR,TE,QB,QB,0,4,5,0,1549
6th,WR,RB,QB,WR,WR,TE,RB,TE,RB,0,3,6,0,1549
9th,WR,RB,RB,RB,RB,QB,QB,TE,TE,0,0,9,0,1549
9th,RB,RB,WR,WR,TE,QB,TE,RB,WR,0,3,6,0,1549
12th,RB,WR,WR,QB,WR,TE,RB,WR,WR,1,4,3,1,1549
12th,WR,WR,QB,RB,RB,WR,TE,WR,RB,1,4,2,2,1549
9th,WR,RB,TE,WR,QB,WR,QB,QB,WR,0,5,2,2,1549
9th,WR,RB,RB,RB,QB,QB,WR,TE,WR,0,2,5,2,1549
4th,WR,RB,RB,WR,QB,RB,TE,WR,RB,0,4,4,1,1549
12th,WR,TE,RB,RB,QB,TE,WR,QB,TE,0,5,3,1,1549
12th,TE,WR,WR,WR,QB,RB,RB,RB,QB,0,3,6,0,1549
12th,RB,RB,RB,RB,RB,WR,WR,TE,TE,2,0,7,0,1549
9th,RB,RB,RB,RB,RB,QB,QB,QB,WR,0,0,6,3,1549
12th,WR,TE,QB,RB,WR,WR,QB,TE,WR,1,4,2,2,1549
6th,WR,RB,RB,WR,QB,RB,TE,WR,RB,0,4,4,1,1549
12th,RB,WR,RB,QB,WR,RB,TE,TE,WR,0,2,7,0,1549
9th,TE,WR,RB,WR,QB,WR,WR,WR,RB,2,5,2,0,1549
9th,TE,WR,QB,RB,WR,WR,WR,RB,TE,1,3,5,0,1549
12th,RB,WR,RB,RB,WR,WR,WR,TE,QB,1,1,5,2,1549
1st,RB,WR,RB,TE,QB,TE,TE,QB,WR,2,2,5,0,1549
9th,RB,WR,RB,TE,RB,RB,WR,QB,WR,2,0,5,2,1548
12th,TE,WR,RB,RB,WR,RB,WR,QB,QB,1,2,5,1,1548
9th,WR,WR,WR,WR,WR,WR,TE,RB,QB,1,5,1,2,1548
4th,WR,RB,RB,WR,TE,TE,QB,TE,QB,1,3,4,1,1548
12th,WR,QB,WR,RB,RB,RB,RB,RB,WR,1,0,5,3,1548
1st,RB,WR,TE,TE,WR,QB,WR,RB,WR,2,1,4,2,1548
12th,WR,QB,WR,WR,RB,WR,RB,RB,RB,2,3,3,1,1548
4th,RB,WR,WR,RB,WR,WR,WR,QB,RB,1,2,3,3,1548
1st,WR,WR,QB,WR,RB,RB,TE,WR,RB,0,4,4,1,1548
1st,WR,RB,WR,RB,QB,RB,TE,WR,WR,1,4,3,1,1548
9th,RB,WR,WR,WR,TE,QB,RB,RB,RB,1,5,3,0,1548
12th,QB,WR,WR,RB,WR,RB,RB,RB,QB,1,1,5,2,1548
4th,RB,RB,RB,RB,RB,TE,TE,TE,WR,2,0,7,0,1548
12th,RB,RB,TE,TE,WR,TE,QB,WR,WR,1,3,5,0,1547
9th,RB,WR,TE,RB,QB,WR,QB,TE,TE,0,5,4,0,1547
4th,RB,RB,RB,RB,RB,TE,TE,TE,QB,1,0,8,0,1547
9th,WR,WR,QB,QB,WR,WR,TE,TE,TE,1,5,1,2,1547
1st,RB,RB,RB,WR,TE,WR,QB,WR,WR,2,0,5,2,1547
9th,WR,WR,WR,RB,RB,QB,WR,RB,TE,0,4,4,1,1547
4th,TE,WR,WR,WR,QB,TE,RB,RB,WR,0,3,4,2,1547
4th,WR,WR,WR,WR,WR,RB,RB,RB,RB,2,2,3,2,1547
6th,RB,RB,TE,WR,WR,QB,WR,RB,WR,1,3,3,2,1547
9th,WR,RB,RB,WR,TE,RB,WR,WR,WR,2,2,3,2,1547
6th,TE,WR,RB,RB,WR,RB,WR,QB,QB,1,2,5,1,1547
9th,TE,WR,WR,WR,QB,QB,RB,RB,RB,0,3,6,0,1547
12th,RB,WR,RB,WR,QB,RB,WR,TE,WR,0,2,5,2,1547
12th,WR,RB,WR,RB,TE,TE,QB,QB,QB,2,2,5,0,1547
6th,WR,WR,WR,RB,RB,TE,WR,WR,QB,1,3,3,2,1547
6th,TE,RB,RB,RB,WR,WR,WR,WR,WR,3,2,3,1,1547
12th,RB,RB,WR,TE,QB,RB,WR,RB,WR,1,4,3,1,1546
4th,WR,WR,WR,RB,TE,RB,QB,RB,QB,0,3,5,1,1546
9th,WR,WR,QB,RB,TE,WR,QB,TE,TE,1,4,4,0,1546
4th,WR,RB,WR,RB,RB,RB,RB,RB,WR,2,0,4,3,1546
12th,WR,TE,RB,QB,RB,RB,QB,QB,WR,0,2,5,2,1546
9th,WR,WR,RB,RB,TE,TE,TE,QB,QB,0,4,5,0,1546
12th,RB,RB,WR,WR,TE,QB,TE,RB,WR,0,3,6,0,1546
4th,WR,WR,QB,WR,RB,WR,WR,RB,WR,1,5,1,2,1546
6th,RB,RB,RB,RB,RB,TE,TE,TE,WR,3,0,6,0,1546
9th,RB,RB,RB,RB,RB,WR,QB,QB,TE,0,0,7,2,1546
9th,WR,WR,RB,QB,RB,WR,WR,RB,WR,2,5,0,2,1546
9th,WR,RB,RB,WR,QB,WR,RB,WR,TE,1,4,2,2,1546
12th,WR,TE,TE,TE,RB,WR,RB,QB,WR,1,4,4,0,1546
4th,WR,WR,WR,RB,QB,RB,WR,WR,TE,0,3,4,2,1546
4th,WR,WR,WR,WR,QB,TE,WR,RB,TE,2,4,1,2,1545
4th,RB,WR,WR,RB,RB,QB,WR,TE,RB,0,5,4,0,1545
4th,WR,TE,QB,WR,QB,QB,WR,WR,RB,0,4,4,1,1545
4th,WR,TE,QB,RB,WR,RB,QB,WR,RB,1,4,4,0,1545
1st,RB,RB,RB,RB,RB,TE,TE,TE,QB,1,0,8,0,1545
9th,TE,RB,WR,WR,RB,QB,WR,QB,WR,1,3,5,0,1545
9th,RB,RB,WR,WR,WR,TE,QB,WR,QB,0,3,4,2,1545
4th,RB,TE,WR,QB,TE,WR,QB,RB,RB,1,1,5,2,1545
9th,RB,RB,WR,WR,RB,TE,RB,QB,QB,0,3,5,1,1545
4th,RB,WR,RB,QB,QB,RB,RB,RB,RB,0,3,4,2,1545
9th,RB,RB,RB,WR,WR,WR,TE,TE,QB,1,3,5,0,1545
6th,WR,WR,WR,QB,TE,RB,RB,RB,RB,0,0,9,0,1545
9th,QB,WR,RB,TE,WR,RB,TE,QB,TE,0,4,5,0,1545
9th,WR,WR,RB,RB,TE,WR,QB,RB,WR,1,2,5,1,1545
4th,RB,WR,QB,WR,RB,RB,TE,RB,RB,1,2,5,1,1545
12th,TE,RB,RB,RB,WR,WR,WR,WR,WR,3,2,3,1,1545
4th,RB,WR,WR,WR,WR,RB,WR,QB,TE,1,4,3,1,1544
9th,TE,WR,QB,QB,TE,WR,QB,WR,WR,0,5,4,0,1544
9th,RB,RB,RB,WR,TE,WR,QB,WR,WR,2,0,5,2,1544
9th,RB,RB,RB,RB,RB,WR,QB,WR,QB,0,0,6,3,1544
4th,WR,WR,WR,WR,WR,RB,RB,RB,RB,2,2,2,3,1544
9th,RB,RB,RB,WR,WR,WR,WR,TE,QB,1,2,4,2,1544
12th,WR,TE,WR,WR,QB,QB,TE,RB,RB,2,4,2,1,1544
9th,RB,WR,RB,QB,TE,QB,RB,TE,RB,1,4,4,0,1544
9th,RB,RB,RB,RB,RB,WR,QB,QB,TE,0,0,8,1,1544
12th,WR,RB,QB,WR,WR,TE,QB,WR,QB,1,4,4,0,1544
12th,WR,WR,WR,WR,WR,TE,TE,WR,WR,3,6,0,0,1544
6th,RB,RB,RB,WR,WR,QB,WR,TE,RB,2,3,3,1,1544
1st,WR,RB,RB,WR,QB,RB,TE,WR,RB,0,4,4,1,1544
9th,TE,WR,WR,QB,RB,RB,QB,TE,QB,0,5,4,0,1544
12th,RB,QB,WR,RB,WR,WR,TE,TE,RB,1,3,5,0,1544
12th,WR,WR,TE,TE,WR,WR,WR,WR,WR,3,6,0,0,1544
1st,WR,WR,WR,RB,QB,RB,WR,WR,TE,0,3,4,2,1543
9th,WR,RB,WR,TE,WR,QB,QB,TE,QB,1,2,5,1,1543
12th,RB,WR,RB,WR,RB,WR,RB,WR,RB,3,0,3,3,1543
6th,RB,RB,WR,TE,QB,RB,WR,RB,WR,1,4,3,1,1543
4th,RB,RB,WR,TE,WR,TE,QB,QB,RB,0,5,3,1,1543
4th,WR,WR,QB,RB,RB,WR,TE,WR,RB,1,4,2,2,1543
1st,WR,WR,WR,WR,WR,TE,TE,WR,WR,3,6,0,0,1543
12th,WR,WR,RB,TE,QB,WR,WR,QB,QB,2,3,3,1,1543
12th,WR,WR,WR,RB,QB,RB,WR,WR,TE,0,3,4,2,1543
9th,RB,WR,WR,RB,RB,QB,WR,TE,RB,0,5,4,0,1543
9th,WR,TE,QB,RB,WR,RB,QB,WR,RB,1,4,4,0,1543
1st,RB,WR,QB,RB,TE,WR,WR,WR,TE,0,4,5,0,1543
9th,QB,WR,RB,TE,WR,RB,WR,QB,RB,1,2,5,1,1543
4th,RB,WR,WR,WR,WR,TE,WR,QB,WR,1,5,2,1,1542
9th,RB,WR,QB,TE,QB,WR,RB,WR,WR,2,3,2,2,1542
9th,RB,WR,WR,TE,RB,RB,WR,WR,WR,2,2,5,0,1542
4th,RB,RB,QB,TE,WR,WR,RB,QB,WR,2,2,4,1,1542
4th,RB,WR,QB,TE,QB,RB,QB,WR,TE,0,2,5,2,1542
4th,WR,WR,WR,TE,TE,WR,WR,WR,WR,3,6,0,0,1542
12th,WR,RB,WR,RB,RB,RB,RB,RB,WR,2,0,4,3,1542
4th,WR,WR,WR,RB,RB,TE,QB,TE,RB,1,4,2,2,1542
12th,RB,WR,RB,RB,TE,QB,RB,RB,QB,1,2,4,2,1542
4th,WR,RB,QB,RB,TE,WR,WR,WR,RB,2,2,5,0,1542
4th,TE,WR,QB,RB,WR,WR,WR,QB,WR,0,5,3,1,1542
12th,RB,WR,RB,WR,TE,QB,RB,WR,RB,0,2,6,1,1542
12th,WR,RB,WR,RB,TE,QB,TE,WR,TE,1,2,5,1,1542
9th,WR,WR,RB,RB,TE,TE,QB,QB,RB,0,4,5,0,1541
9th,RB,WR,WR,WR,QB,TE,RB,TE,WR,1,2,5,1,1541
4th,RB,WR,WR,WR,RB,RB,RB,QB,TE,1,1,5,2,1541
4th,RB,RB,RB,TE,WR,WR,TE,QB,QB,0,0,9,0,1541
12th,RB,TE,WR,QB,RB,QB,RB,QB,RB,0,3,5,1,1541
9th,RB,TE,WR,TE,QB,WR,QB,WR,WR,0,6,3,0,1541
4th,RB,RB,RB,RB,RB,TE,TE,TE,WR,3,0,6,0,1541
1st,RB,RB,QB,RB,WR,WR,RB,TE,WR,0,1,6,2,1541
12th,WR,WR,WR,RB,RB,QB,WR,RB,TE,0,4,4,1,1541
9th,WR,RB,WR,QB,TE,RB,WR,RB,RB,0,2,5,2,1540
9th,RB,RB,RB,RB,RB,TE,TE,QB,QB,0,0,9,0,1540
1st,WR,WR,TE,TE,WR,WR,WR,WR,WR,3,6,0,0,1540
9th,WR,WR,WR,WR,TE,QB,WR,QB,TE,2,5,1,1,1540
1st,RB,RB,RB,RB,RB,WR,WR,TE,TE,3,0,6,0,1540
4th,WR,WR,TE,QB,WR,TE,RB,WR,QB,1,3,4,1,1540
9th,WR,WR,WR,RB,RB,TE,TE,WR,WR,2,4,3,0,1540
9th,WR,WR,QB,WR,RB,WR,RB,TE,TE,0,4,5,0,1539
4th,WR,WR,WR,WR,WR,WR,TE,RB,QB,1,5,1,2,1539
12th,WR,RB,RB,WR,QB,RB,TE,WR,RB,0,4,4,1,1539
4th,RB,QB,WR,RB,QB,TE,TE,WR,RB,0,3,4,2,1539
9th,RB,RB,WR,WR,TE,RB,WR,RB,TE,2,1,5,1,1539
9th,RB,WR,TE,WR,WR,TE,WR,QB,TE,0,4,5,0,1539
12th,WR,WR,RB,RB,WR,TE,RB,WR,WR,2,3,4,0,1539
9th,RB,WR,QB,TE,WR,RB,RB,TE,RB,2,5,2,0,1539
12th,WR,WR,RB,WR,RB,RB,WR,TE,TE,2,3,4,0,1538
12th,WR,WR,WR,WR,WR,RB,RB,RB,RB,2,2,2,3,1538
4th,QB,WR,RB,QB,WR,RB,TE,WR,WR,0,4,3,2,1538
9th,RB,RB,WR,RB,QB,WR,TE,WR,RB,1,3,4,1,1538
4th,WR,WR,QB,WR,RB,RB,TE,WR,RB,0,4,4,1,1538
4th,RB,RB,RB,WR,TE,QB,RB,WR,TE,0,4,5,0,1538
9th,TE,RB,RB,QB,QB,RB,RB,RB,TE,0,0,9,0,1538
9th,WR,WR,WR,RB,TE,RB,QB,RB,QB,0,3,5,1,1538
9th,RB,WR,WR,WR,WR,TE,TE,WR,TE,2,5,0,2,1538
9th,TE,RB,WR,QB,RB,TE,WR,WR,RB,2,3,4,0,1538
12th,RB,RB,RB,RB,RB,TE,TE,TE,WR,3,0,6,0,1538
1st,RB,RB,RB,RB,RB,WR,WR,TE,TE,2,0,7,0,1538
4th,TE,WR,WR,RB,WR,QB,WR,RB,RB,2,4,2,1,1537
4th,WR,WR,WR,QB,RB,QB,RB,WR,TE,2,2,3,2,1537
9th,WR,WR,WR,RB,QB,QB,TE,TE,WR,0,3,4,2,1537
9th,WR,WR,RB,RB,WR,WR,QB,TE,RB,1,2,4,2,1537
1st,WR,RB,WR,RB,RB,RB,RB,RB,WR,2,0,4,3,1537
9th,RB,WR,QB,WR,TE,WR,WR,QB,TE,2,3,3,1,1537
9th,RB,WR,TE,RB,QB,QB,WR,QB,TE,1,5,3,0,1537
4th,TE,WR,WR,RB,RB,QB,RB,WR,QB,0,5,4,0,1537
4th,RB,WR,WR,WR,TE,RB,WR,QB,WR,1,4,3,1,1537
4th,RB,RB,RB,WR,WR,WR,WR,TE,QB,1,2,4,2,1537
6th,RB,RB,RB,RB,RB,WR,WR,TE,TE,2,0,7,0,1537
12th,RB,RB,TE,QB,WR,TE,RB,WR,WR,2,3,4,0,1537
4th,RB,WR,WR,TE,WR,RB,WR,QB,WR,1,4,3,1,1537
12th,WR,WR,WR,RB,RB,TE,WR,WR,QB,1,3,3,2,1537
1st,WR,WR,QB,RB,RB,WR,TE,WR,RB,1,4,2,2,1536
9th,WR,QB,RB,RB,TE,RB,WR,QB,WR,0,3,5,1,1536
9th,RB,RB,RB,RB,RB,WR,WR,TE,TE,3,0,6,0,1536
9th,TE,RB,WR,WR,RB,QB,WR,RB,WR,1,2,5,1,1536
12th,RB,WR,RB,WR,TE,WR,RB,RB,WR,2,3,2,2,1536
4th,RB,WR,RB,RB,WR,WR,WR,TE,QB,1,1,5,2,1536
6th,RB,WR,WR,RB,RB,QB,WR,TE,RB,0,5,4,0,1536
4th,RB,WR,WR,WR,TE,WR,WR,QB,WR,1,5,2,1,1536
4th,WR,WR,QB,RB,RB,WR,TE,WR,RB,1,4,2,2,1536
9th,RB,RB,WR,TE,QB,RB,WR,RB,WR,1,4,3,1,1535
9th,WR,WR,RB,WR,RB,RB,WR,TE,TE,2,3,4,0,1535
1st,QB,WR,RB,WR,QB,RB,WR,TE,WR,1,4,3,1,1535
9th,WR,QB,TE,WR,WR,WR,RB,RB,QB,1,5,2,1,1535
9th,WR,WR,WR,RB,QB,RB,WR,WR,TE,0,3,4,2,1535
12th,RB,WR,WR,QB,RB,WR,TE,RB,WR,0,3,5,1,1535
4th,RB,WR,WR,TE,WR,WR,RB,TE,TE,2,1,5,1,1535
12th,RB,RB,RB,RB,RB,TE,TE,TE,WR,2,0,7,0,1535
4th,WR,WR,TE,TE,WR,WR,WR,WR,WR,3,6,0,0,1535
9th,WR,WR,RB,QB,RB,RB,TE,TE,TE,1,2,4,2,1535
12th,TE,RB,WR,WR,RB,WR,QB,TE,QB,2,2,5,0,1534
9th,TE,WR,WR,WR,TE,WR,QB,QB,WR,0,9,0,0,1534
9th,WR,WR,QB,QB,QB,RB,WR,TE,RB,1,3,5,0,1534
6th,WR,WR,WR,RB,RB,QB,WR,RB,TE,0,4,4,1,1534
4th,RB,WR,WR,RB,WR,RB,WR,QB,QB,0,3,3,3,1534
12th,TE,RB,QB,RB,WR,RB,WR,WR,RB,1,3,4,1,1534
6th,RB,RB,RB,WR,WR,WR,WR,TE,QB,1,2,4,2,1533
9th,TE,RB,RB,RB,WR,WR,WR,WR,WR,3,2,3,1,1533
6th,WR,RB,WR,RB,RB,RB,RB,RB,WR,2,0,4,3,1533
12th,RB,WR,WR,RB,QB,TE,QB,RB,QB,1,5,3,0,1533
9th,RB,RB,RB,RB,RB,WR,WR,TE,TE,2,0,7,0,1533
9th,TE,WR,WR,RB,RB,QB,QB,QB,TE,0,4,5,0,1533
4th,TE,RB,RB,RB,WR,WR,WR,WR,WR,3,2,3,1,1533
9th,WR,WR,WR,RB,TE,RB,QB,RB,QB,0,4,4,1,1533
9th,RB,WR,RB,RB,WR,WR,WR,TE,QB,1,1,5,2,1533
4th,RB,RB,TE,WR,TE,WR,WR,WR,QB,2,3,3,1,1533
12th,RB,TE,QB,RB,QB,WR,TE,QB,WR,0,5,4,0,1532
9th,WR,WR,WR,TE,QB,WR,WR,TE,QB,1,4,3,1,1532
12th,QB,WR,RB,WR,QB,RB,WR,TE,WR,1,4,3,1,1532
9th,RB,RB,QB,TE,WR,RB,RB,RB,QB,1,3,5,0,1532
4th,WR,QB,RB,RB,TE,RB,WR,QB,WR,0,3,5,1,1532
12th,WR,WR,WR,RB,RB,TE,TE,WR,WR,2,4,3,0,1532
9th,TE,RB,RB,WR,QB,WR,WR,WR,QB,0,4,5,0,1532
12th,TE,QB,RB,RB,WR,TE,WR,WR,WR,1,3,5,0,1532
4th,WR,WR,WR,RB,RB,TE,WR,WR,QB,1,3,3,2,1532
12th,WR,WR,QB,WR,RB,RB,TE,WR,RB,0,4,4,1,1531
4th,QB,RB,TE,QB,WR,WR,TE,TE,QB,0,5,4,0,1531
9th,RB,WR,RB,WR,WR,RB,WR,TE,WR,1,3,4,1,1531
9th,WR,RB,QB,WR,QB,WR,TE,TE,RB,2,2,4,1,1531
9th,QB,WR,RB,WR,QB,RB,WR,TE,WR,1,4,3,1,1531
6th,TE,RB,WR,WR,RB,QB,WR,RB,WR,1,2,5,1,1531
4th,WR,WR,RB,WR,RB,RB,WR,TE,TE,2,3,4,0,1531
9th,WR,RB,WR,RB,RB,RB,RB,RB,WR,2,0,4,3,1531
9th,RB,RB,RB,RB,RB,TE,TE,TE,WR,3,0,6,0,1530
1st,WR,RB,RB,WR,TE,RB,WR,WR,WR,2,2,3,2,1530
1st,WR,WR,WR,RB,RB,TE,TE,WR,WR,2,4,3,0,1530
9th,RB,WR,QB,QB,TE,WR,QB,RB,RB,0,4,3,2,1530
9th,TE,RB,RB,WR,WR,WR,QB,RB,RB,2,2,5,0,1530
9th,WR,TE,RB,RB,RB,QB,RB,TE,WR,2,2,5,0,1530
9th,QB,WR,QB,RB,WR,WR,TE,TE,RB,1,3,4,1,1530
9th,WR,RB,WR,QB,QB,WR,TE,TE,QB,1,3,3,2,1530
9th,RB,TE,WR,WR,TE,QB,WR,RB,TE,1,4,4,0,1530
9th,TE,WR,WR,WR,WR,WR,RB,RB,RB,2,3,2,2,1530
9th,RB,RB,RB,RB,RB,WR,QB,QB,TE,0,0,6,3,1529
4th,WR,WR,QB,RB,WR,RB,RB,RB,TE,2,2,4,1,1529
6th,WR,RB,RB,WR,TE,RB,WR,WR,WR,2,2,3,2,1529
6th,WR,WR,RB,WR,RB,RB,WR,TE,TE,2,3,4,0,1529
9th,RB,WR,WR,TE,WR,WR,QB,TE,WR,1,3,4,1,1529
12th,TE,RB,RB,WR,WR,TE,WR,QB,QB,1,4,2,2,1529
1st,RB,QB,RB,QB,WR,WR,TE,RB,RB,2,2,3,2,1529
9th,RB,TE,RB,WR,WR,WR,QB,RB,WR,1,3,4,1,1529
9th,QB,RB,WR,WR,RB,QB,TE,QB,WR,0,3,5,1,1528
4th,RB,WR,RB,RB,RB,WR,TE,QB,WR,1,1,5,2,1528
9th,WR,WR,WR,RB,RB,TE,WR,WR,QB,1,3,3,2,1527
6th,TE,QB,RB,RB,WR,TE,WR,WR,WR,1,3,5,0,1527
12th,RB,WR,WR,RB,QB,TE,WR,WR,TE,1,1,5,2,1527
4th,WR,WR,QB,WR,QB,RB,RB,TE,RB,1,3,3,2,1527
1st,TE,WR,WR,RB,TE,RB,QB,WR,TE,2,3,4,0,1526
9th,WR,WR,RB,RB,RB,RB,QB,RB,TE,1,0,6,2,1526
12th,RB,WR,WR,QB,TE,RB,RB,WR,TE,0,2,5,2,1526
4th,WR,WR,WR,QB,TE,RB,RB,RB,RB,0,0,9,0,1526
1st,RB,RB,WR,WR,QB,TE,TE,RB,WR,0,3,6,0,1526
1st,RB,RB,RB,RB,RB,TE,TE,TE,WR,2,0,7,0,1526
1st,QB,WR,RB,TE,RB,WR,QB,RB,WR,0,5,4,0,1525
6th,WR,RB,WR,RB,QB,WR,RB,WR,RB,0,2,3,4,1525
1st,TE,RB,QB,RB,RB,RB,RB,RB,RB,0,0,9,0,1525
6th,RB,RB,RB,RB,RB,TE,TE,TE,QB,1,0,8,0,1524
1st,TE,WR,WR,WR,QB,RB,RB,RB,QB,0,3,6,0,1524
6th,QB,WR,RB,WR,QB,RB,WR,TE,WR,1,4,3,1,1524
4th,QB,WR,RB,WR,QB,RB,WR,TE,WR,1,4,3,1,1524
12th,WR,WR,WR,QB,TE,RB,RB,RB,RB,0,0,9,0,1523
4th,RB,QB,WR,QB,RB,WR,WR,RB,QB,1,4,2,2,1523
1st,RB,RB,RB,RB,RB,TE,TE,TE,WR,3,0,6,0,1522
1st,RB,RB,TE,RB,QB,RB,RB,QB,QB,0,3,5,1,1522
6th,WR,RB,RB,WR,QB,RB,TE,WR,RB,0,4,4,1,1521
1st,WR,RB,RB,WR,TE,RB,WR,WR,WR,2,2,3,2,1520
12th,RB,WR,WR,RB,RB,QB,WR,TE,RB,0,5,4,0,1520
9th,WR,WR,WR,QB,TE,RB,RB,RB,RB,0,0,9,0,1520
4th,WR,WR,RB,RB,TE,TE,TE,QB,QB,0,4,5,0,1520
12th,TE,RB,QB,RB,WR,RB,WR,WR,RB,1,3,4,1,1519
1st,TE,WR,WR,WR,TE,QB,RB,RB,QB,1,2,5,1,1518
12th,TE,RB,QB,RB,RB,RB,RB,RB,RB,0,0,9,0,1518
6th,TE,RB,QB,RB,WR,RB,WR,WR,RB,1,3,4,1,1518
9th,RB,TE,QB,TE,RB,WR,RB,WR,WR,1,4,3,1,1517
4th,WR,QB,QB,QB,TE,RB,RB,WR,WR,0,3,5,1,1516
9th,WR,QB,WR,RB,RB,RB,RB,RB,WR,1,0,5,3,1516
12th,TE,WR,RB,RB,WR,RB,WR,QB,QB,1,2,5,1,1516
1st,TE,RB,RB,RB,WR,WR,WR,WR,WR,3,2,3,1,1515
12th,TE,RB,QB,RB,WR,RB,WR,WR,RB,1,3,4,1,1514
6th,TE,QB,RB,RB,WR,TE,WR,WR,WR,1,3,5,0,1514
9th,TE,RB,QB,RB,RB,RB,RB,RB,RB,0,0,9,0,1513
4th,TE,RB,QB,RB,RB,RB,RB,RB,RB,0,0,9,0,1513
9th,TE,QB,RB,RB,WR,TE,WR,WR,WR,1,3,5,0,1512
9th,RB,RB,RB,RB,RB,TE,TE,TE,WR,2,0,7,0,1512
12th,RB,RB,RB,RB,RB,TE,TE,TE,QB,1,0,8,0,1511
6th,RB,TE,WR,RB,TE,QB,TE,WR,QB,2,2,5,0,1511
4th,RB,TE,RB,WR,RB,QB,TE,QB,TE,0,3,5,1,1509
9th,RB,RB,RB,RB,RB,TE,TE,TE,QB,1,0,8,0,1508
6th,RB,RB,RB,RB,RB,TE,TE,TE,WR,2,0,7,0,1508
1st,TE,QB,RB,RB,WR,TE,WR,WR,WR,1,3,5,0,1507
6th,TE,RB,QB,RB,RB,RB,RB,RB,RB,0,0,9,0,1495
1st,WR,WR,WR,WR,WR,WR,WR,WR,WR,1,2,5,1,1383
12th,WR,WR,WR,WR,WR,WR,WR,WR,WR,1,2,5,1,1371
6th,WR,WR,WR,WR,WR,WR,WR,WR,WR,1,2,5,1,1369
6th,WR,WR,WR,WR,WR,WR,WR,WR,WR,1,2,5,1,1366
9th,WR,WR,WR,WR,WR,WR,WR,WR,WR,1,2,5,1,1365
